id,domain,status,purchase_price,renewal_price,attractiveness,demand,length,registrar,created_at,expires_at,status_verified_at
8db4f9ec-7108-4ec8-8154-2c6375b6701d,boldness.farm,available,30.2,30.2,high,low,8,cloudflare,,,04/10/2026 10:33
aa4a7460-ed9c-4a02-9702-68eb7d7af9f9,headmaster.clothing,available,32.99,32.99,high,low,10,namesilo,,,29/09/2026 13:01
22b9f748-8fdb-4ebf-bdf1-b5631c558eb7,ripen.click,premium,72.65,103.7,high,low,5,spaceship,,,06/10/2026 17:56
9a68933b-4a02-413a-a9ce-c47907afc574,manhood.nexus,available,14,,high,low,7,unstoppable,,,29/09/2026 19:12
7a04be59-6c50-473f-b859-da15929e6e97,insulated.furniture,available,23.98,127.98,high,low,9,namecheap,,,02/10/2026 17:40
9736b42c-30b0-47fe-b79f-a10699ebe59b,luisa.credit,available,80.2,80.2,medium,low,5,cloudflare,,,29/09/2026 05:31
63e7e0fe-e2c9-4a4c-ba3c-db7649f1ebc6,potatoes.my,premium,91.96,91.96,medium,low,8,namesilo,,,27/09/2026 02:12
787dd9a7-ec01-4a4c-91a8-205d6bf8daaf,carers.hamburg,available,69.98,73.98,medium,low,6,namecheap,,,05/10/2026 23:02
859a7f98-61d5-46cd-a367-ec158ad05dc4,refresher.press,available,62.2,62.2,high,low,9,cloudflare,,,04/10/2026 12:58
ada84667-0b3a-4f32-b6c3-662e7b1dd1f8,unparalleled.forsale,available,16.99,36.99,high,low,12,namesilo,,,02/10/2026 07:22
3e221f8e-e0e9-4609-8cb6-4e51b8c0ad18,alleviate.organic,available,17,,high,low,9,unstoppable,,,01/10/2026 22:08
dd348315-28c1-425f-a4ce-4b2ea08efa18,benz.deals,available,3.5,32.21,high,low,4,dynadot,,,29/09/2026 14:58
19d99d17-8908-4f36-b349-6dd1654da9e2,kristen.gold,available,6.93,83,high,low,7,spaceship,,,29/09/2026 09:38
17f50ba7-dec1-4234-9294-516f56e7d3e8,cheerleaders.party,premium,2729.67,109.69,medium,low,12,porkbun,,,03/10/2026 18:14
56279111-cf8a-4106-b8e5-e416583df98f,balloons.quest,available,1.8,21.98,medium,low,8,namecheap,,,28/09/2026 18:12
f3d0bf58-0aab-4f2d-be60-6be811bc14a2,sensitivity.host,available,4.99,109.99,high,low,11,namesilo,,,28/09/2026 12:30
fe26dc9f-0ad8-4e1e-baf6-9e83255949d6,tidings.financial,available,15.73,46.78,high,low,7,spaceship,,,03/10/2026 20:55
ce85e36f-ba2f-4ec7-a873-d9928c12163c,christianity.marketing,available,8.99,41.99,high,low,12,namesilo,,,29/09/2026 15:11
fbff3a48-7dce-454b-9a9c-43e0f82dc4d4,wildest.pet,available,6.41,20.9,medium,low,7,spaceship,,,02/10/2026 21:48
2b9b8850-0381-4e1a-8cb7-c9387fc1c970,preference.cat,available,18.83,25.04,high,low,10,spaceship,,,29/09/2026 16:57
6657275f-3bf1-46cb-9fa9-fa6f637b348e,percival.cash,available,12.99,38.99,high,low,8,namesilo,,,28/09/2026 16:27
3048b960-3cfe-4f5e-9909-faecbe80fbbb,researched.camp,available,62.99,62.99,medium,low,10,namesilo,,,01/10/2026 00:58
93286569-a0cc-4868-8fdd-5fe4eedced07,understated.homes,resell,,,high,low,11,,,,05/10/2026 16:48
daea67d3-2cf7-418e-95f6-89649351d187,joked.zip,available,14,,medium,low,5,unstoppable,,,05/10/2026 10:36
3c3f3d8c-2692-40e3-ba42-3c3389b7cdf9,chrissy.degree,available,52.99,52.99,medium,low,7,namesilo,,,06/10/2026 21:14
bd5db05e-852e-426c-b2ab-694d714d7108,selfhelp.loans,available,17.48,144.98,high,low,9,namecheap,,,02/10/2026 06:22
520f46ef-3fe1-4d70-b097-3f7bb629f3db,overtures.sbs,available,1.54,25.98,medium,low,9,namecheap,,,05/10/2026 23:16
8cdecded-2964-4a81-880f-950664bebf75,nations.jewelry,available,51.95,51.95,medium,low,7,spaceship,,,27/09/2026 22:54
7258cf07-d4b1-46f3-bedd-ea24f9c54ceb,mayfair.pro,resell,,,high,low,7,,,,30/09/2026 06:42
d8210022-dd58-4d91-8b32-2cc5fd940acf,prophets.free,available,25,31.41,high,low,8,porkbun,,,30/09/2026 10:35
4c68b2d7-8902-4fbc-86ba-efeb90fcdcca,natures.immo,available,34.99,34.99,medium,low,7,namesilo,,,04/10/2026 20:46
7654762e-e415-4d29-b47c-867eb147cdd6,nudge.meme,premium,,,high,low,5,,,,03/10/2026 20:58
b0b37079-f38f-490a-9192-e342d3e7e444,reassurance.tax,available,13.5,,high,low,11,unstoppable,,,02/10/2026 22:11
21e11b83-6ee8-4f54-8879-4f24224972f2,optimization.airforce,available,83,83,high,low,12,spaceship,,,07/10/2026 00:54
5b5f3a7f-3c30-45d0-9473-126d69dadc10,yamaha.studio,available,14.98,52.98,high,low,6,namecheap,,,29/09/2026 03:39
69aa2235-adc6-4bcf-8bab-40b8ab739ec9,curls.taxi,available,48.2,48.2,high,low,5,cloudflare,,,03/10/2026 07:43
ad638f31-fbe6-4f84-9aff-428fcb3ce7cd,participated.boo,available,10.55,10.55,medium,low,12,spaceship,,,29/09/2026 23:55
f369e8a5-47bd-406f-9ba7-f3e1d40c71d1,civilizations.ski,available,26.5,,medium,low,13,unstoppable,,,01/10/2026 01:05
816d325d-e3bd-4faa-98fe-9435174459b0,charms.london,available,31.99,31.99,medium,low,6,namesilo,,,29/09/2026 10:30
934309e7-36c0-4122-a5e5-e05943ed1617,luster.fail,available,8.24,35.53,high,low,6,dynadot,,,06/10/2026 14:29
accbc0fb-04fa-4023-9e94-9db65cbef20b,janis.vote,available,33,,high,low,5,unstoppable,,,29/09/2026 09:40
a687554b-bf31-4745-8990-23b12113a30a,reproduce.de,resell,,,high,low,9,,,,28/09/2026 20:51
2691991b-80d4-41b5-933f-62271d626a72,sketches.plumbing,available,8.24,58.19,medium,low,8,porkbun,,,28/09/2026 23:25
3e08a6e9-5a71-4f2a-80c7-b29a24ffb763,curates.one,available,6.48,30.98,medium,low,7,namecheap,,,07/10/2026 03:16
519b63c6-4cec-4968-a72b-2d5b2a2420d5,treadmill.theater,available,50.2,50.2,high,low,9,cloudflare,,,03/10/2026 02:17
2ca5201a-0028-4ef8-80e1-dc045a03720f,astrophysics.fail,available,38.99,38.99,high,low,12,namesilo,,,03/10/2026 16:41
e2aa57af-b005-4e30-aaf5-315ce10ec8d6,antibacterial.center,available,25.2,25.2,high,low,13,cloudflare,,,03/10/2026 22:28
7d39c4bc-0619-4ac9-b54c-80c749f162cc,irresistible.rsvp,available,12.98,16.98,high,low,12,namecheap,,,29/09/2026 14:37
b02db864-c66d-4586-96c6-9b0779198535,katherine.builders,available,28.15,28.15,high,low,9,spaceship,,,28/09/2026 03:49
53c0d040-429d-4fd1-965c-6b641c3a0374,furnishing.xxx,available,51.95,98.53,high,low,10,spaceship,,,06/10/2026 08:39
4c9e919d-ccb7-4612-a2f3-5bfaba35b170,communion.rocks,available,6.93,17.8,medium,low,9,spaceship,,,29/09/2026 00:28
62479322-ab7d-4c73-a9ae-71cb76d8516f,beer.farm,resell,,,high,medium,4,Porkbun LLC,18/05/2021 13:12,18/05/2027 13:12,29/09/2026 02:00
f99358b0-813d-415f-b52b-0dbff2399275,weatherford.lease,available,44.71,44.71,high,low,11,spaceship,,,03/10/2026 07:03
a46cd384-0508-40aa-aabb-ba8635b6a588,democratic.domains,available,42.99,42.99,high,low,10,namesilo,,,24/09/2026 05:46
af08033a-aac7-4646-bd01-619a32469423,eclectic.estate,available,15.99,38.99,high,low,8,namesilo,,,27/09/2026 06:58
72d3ee9e-5374-4fc6-942e-623593027f7d,edifying.insure,available,9.99,94.99,high,low,8,name.com,,,15/08/2026 10:17
626c034a-e8b2-4a47-af02-81b5559575ad,cheery.insure,available,9.99,94.99,high,low,6,name.com,,,12/08/2026 03:56
1c5337a7-a666-42be-b13d-01cc6d0625a3,dispense.immo,available,34.99,34.99,high,low,8,namesilo,,,01/10/2026 04:11
00620b57-90e6-478b-be52-6ecee41d8c9c,organisations.services,available,14.99,38.99,medium,low,13,namesilo,,,21/09/2026 01:37
4f3e12af-ba64-4011-aaab-6377ec64fcd8,visualization.porn,available,51.95,98.53,high,low,13,spaceship,,,02/10/2026 01:37
ac21f21c-5434-401d-8c3d-1a6f1ec6ad17,transformers.vacations,available,38.99,38.99,high,low,12,namesilo,,,02/10/2026 12:20
be2e5747-b84c-47d7-9fc2-0ad0c2363092,auckland.store,premium,812.5,3250,high,low,8,namecheap,,,21/09/2026 02:39
d0a0ec8a-d16d-4635-ba8b-161f9ee4096d,apprenticeship.shop,premium,302.5,302.5,high,low,14,namesilo,,,06/10/2026 08:43
7f0852ad-2e4d-4c8a-87ae-316b61eaafe9,jing.training,available,15,,high,low,4,unstoppable,,,30/09/2026 19:50
b0b90f82-77f0-430c-9b6d-a506fe6f3efc,built.institute,available,9.99,27.49,high,low,5,namesilo,,,23/09/2026 10:20
591f3049-ba04-4467-829d-0a09524074b6,visited.vegas,available,19.98,64.98,high,low,7,namecheap,,,01/10/2026 19:56
b26656d1-337b-45c8-afd8-fe70ecfaf337,artery.cyou,premium,384,768,high,low,6,namesilo,,,20/09/2026 10:30
719c240d-6b83-498e-8964-a3780cd462ce,ordered.link,premium,41.3,41.3,high,low,7,namesilo,,,22/09/2026 08:32
aa07674d-745e-4c2d-a15a-c3c00ab14db0,verdant.bargains,available,14.98,37.98,high,low,7,namecheap,,,13/09/2026 02:22
4a2248f9-3769-4ef7-bdd5-d1ceff5fd256,airline.vacations,premium,828.2,828.2,high,low,7,spaceship,,,02/10/2026 01:24
7f4c44ce-0c26-4488-a248-66b819d2ecbb,manifestly.autos,available,1.8,21.98,medium,low,10,namecheap,,,08/09/2026 20:23
907bfa25-1fbc-4c64-8b7a-468a8b647d40,pioneering.men,premium,382.61,55.11,high,low,10,porkbun,,,03/10/2026 16:41
11e3d6e1-0fbb-4f41-8b71-cbe911d7e129,dalmatian.gallery,available,41.99,41.99,high,low,9,name.com,,,13/08/2026 16:00
3d2a5f87-d6f5-488b-92ef-7db540ec2ffc,intensified.team,available,7.99,61.99,medium,low,11,godaddy,,,03/10/2026 08:45
9e551191-c07b-48d4-b9ea-e41db8a13a0f,revelations.click,available,2.19,12.99,medium,low,11,namesilo,,,30/09/2026 15:02
d240e235-2e11-4deb-90ba-2dff36e3edbd,characterized.racing,available,10.53,10.53,low,low,13,spaceship,,,30/09/2026 23:27
199a29d8-5885-4392-98e0-3e4ec76c05fa,spectators.builders,available,28.15,28.15,medium,low,10,spaceship,,,30/09/2026 06:28
beb6cc82-cc4e-423a-a469-7a5f8804b627,equality.blackfriday,available,103.7,103.7,high,low,8,spaceship,,,28/09/2026 19:07
26533d8d-3a6a-4a92-968b-ba9cf43a17a0,strikingly.tech,premium,81.25,325,high,low,10,namecheap,,,16/09/2026 07:22
09e12adc-d5ac-47d4-b1cc-bcde9e9e46d6,cascades.download,premium,,,high,low,8,,,,06/10/2026 14:38
f58a875a-9fbd-47cf-a81e-33e5dd1874fa,universalism.ninja,available,15.99,30.99,high,low,12,namesilo,,,05/10/2026 03:53
bc2d619a-693e-4c83-8a1c-ff7472fc761a,rounded.deal,available,38.98,48.98,high,low,7,namecheap,,,19/09/2026 15:40
c7586c98-07c2-476e-a549-929b58967eb7,nude.reisen,available,19.48,19.48,high,low,4,dynadot,,,06/10/2026 15:26
4e960a91-9d01-4a3b-a6d1-d1559a7950fd,extinguisher.my,available,2.28,25.88,high,low,12,spaceship,,,02/10/2026 18:19
512a3c87-aea8-492a-b0e1-92eaf4aaa9cd,accurate.gg,resell,,,high,low,8,Enrapture Limited (https://enrapture.gg),,,26/09/2026 01:20
ad7cb238-1a3e-4bfb-bc01-b4cd485a1b01,advertise.talk,premium,132,132,high,low,9,dynadot,,,29/09/2026 20:39
dd3e8049-bb3d-4d97-9b3b-dac9d0b05b1b,malcolm.mobile,available,22.98,26.98,high,low,7,namecheap,,,25/09/2026 14:54
54b28515-a9f3-4621-9486-b37e3e0559dc,attained.flights,available,45.2,45.2,high,low,8,cloudflare,,,06/10/2026 15:03
d703d451-6eda-430e-82dd-076f5ebb3b84,aunt.plumbing,available,72.99,72.99,high,low,4,namesilo,,,28/09/2026 23:17
0cdfe3d7-e225-4c05-ba33-4485a4fa45e4,priya.salon,available,57.99,57.99,high,low,5,namesilo,,,03/10/2026 04:50
1636825d-038c-42d9-b2b1-8f3ef34bbad1,agreed.viajes,available,37.99,37.99,high,low,6,namesilo,,,21/09/2026 23:21
5237e5d6-40b6-4c90-95d0-b6084a4cc11f,autograph.computer,available,23.99,38.99,high,low,9,namesilo,,,21/09/2026 06:37
930fc761-4daf-493a-93f2-36754c3bb268,referees.im,available,4.98,12.98,medium,low,8,namecheap,,,20/09/2026 11:54
2471bd50-d724-48d7-bfc5-7b644c684013,urges.florist,available,32.99,32.99,medium,low,5,namesilo,,,16/09/2026 09:15
3ecf3152-44e0-461f-908d-c679b784d34d,goal.insure,available,5.66,58.19,high,low,4,porkbun,,,29/09/2026 14:09
490964fc-f4b7-40f0-8dc3-287c0d741021,earrings.new,available,412.2,412.2,medium,low,8,spaceship,,,30/09/2026 00:39
9398fe92-31a3-4da7-9e26-1fc51b9b7b8a,main.buzz,premium,116,53.92,high,low,4,namesilo,,,23/09/2026 09:34
143dcfe9-c0cb-45bb-9950-44b420603598,crisply.news,available,8.98,41.48,medium,low,7,namecheap,,,14/09/2026 09:37
a61eb39b-ab58-4845-8c5d-2bdb66d89006,advisors.organic,available,66.2,66.2,medium,low,8,cloudflare,,,02/10/2026 20:03
28847f60-1497-42a3-a231-275cca8f5b71,expansion.guide,available,33.32,33.32,high,low,9,spaceship,,,28/09/2026 19:05
725dca52-0e5e-4381-914e-1c3e5a1b6099,katia.garden,available,1.98,43.98,high,low,5,namecheap,,,06/10/2026 21:59
4e5ad5d6-de85-4ad6-babd-6243cb98aa71,libraries.new,available,488.98,601.98,medium,low,9,namecheap,,,20/09/2026 00:02
fb804087-56f5-4003-a644-56459170dae9,whispering.gives,available,7.48,37.98,high,low,10,namecheap,,,03/09/2026 11:10
a54b30cd-bed7-4d52-9456-947b43e1c966,saucer.team,available,4.63,29.35,high,low,6,porkbun,,,29/09/2026 15:53
cb4139f1-040a-4525-94e2-797ff79b885f,bacon.international,available,12,,high,low,5,unstoppable,,,28/09/2026 16:51
cbc450b4-02ce-44ac-98b2-73b009b5e1c6,audiologist.gg,available,,,high,high,11,,,,
25dd7436-fddb-4088-9098-3f878bdd820e,flexibly.store,premium,81.25,325,high,low,8,namecheap,,,14/09/2026 18:58
e62fe21a-c930-4484-8188-6bd9e9c75334,heals.equipment,available,29.98,32.98,medium,low,5,namecheap,,,04/10/2026 22:11
ef56f18f-d669-4359-a599-f3dc3638dc23,climbing.ryukyu,available,17.98,22.98,high,low,8,namecheap,,,24/09/2026 15:41
f0af79e3-74ff-4166-9351-5ae6ad90aaa7,sultry.plumbing,available,14.99,94.99,high,low,6,name.com,,,10/09/2026 20:31
c78f4ba7-a61b-4130-a8ab-0df57f5b7622,wrap.adult,available,,,high,low,4,,,,26/09/2026 00:32
08b78a91-95e7-4d25-8993-faaafcdf6158,intrinsic.homes,premium,2660,2660,high,low,9,namesilo,,,25/09/2026 10:55
a5a87d35-4491-4430-85c7-9d5ef8ca07d7,creates.rocks,available,3.5,18.41,medium,low,7,dynadot,,,30/09/2026 02:17
e81f2f5e-af05-4f80-84c9-e9922f07433b,brightest.restaurant,available,11.98,81.98,medium,low,9,namecheap,,,30/09/2026 06:56
b29650ff-11df-4dec-94fa-3420dfc40355,loudest.tours,available,5.98,81.98,medium,low,7,namecheap,,,07/10/2026 01:14
fb341aed-6b1b-476f-b6e5-968068341aea,prepared.place,available,22.49,22.49,high,low,8,namesilo,,,24/09/2026 11:20
793228cb-6037-4604-84f8-def3f7442fff,hospitable.menu,available,27.99,27.99,high,low,10,namesilo,,,30/09/2026 04:39
199a032e-d2bc-4f7b-9bdd-1c9ba464ed71,modem.attorney,available,62.99,62.99,high,low,5,namesilo,,,30/09/2026 04:48
a29420a2-42d1-433b-9f8e-16b4dd75bc84,lawful.info,available,3.98,35.98,high,low,6,namecheap,,,06/10/2026 04:50
1dd89fa5-d267-44b8-88b9-8840b8762680,pasadena.construction,available,8.75,31.41,high,low,8,porkbun,,,29/09/2026 19:55
23ca3b80-8299-477d-9738-eebf189437b8,transformational.dev,available,,,high,high,16,,,,
e373daf2-6fe9-4ce1-b946-12b1facea655,physician.management,available,25.99,25.99,high,low,9,namesilo,,,24/09/2026 23:20
dc548dcc-ba6b-4197-ba86-ee5e0f008f6d,persuasion.delivery,available,6.75,61.99,high,low,10,namesilo,,,30/09/2026 02:24
ab8ae483-68ca-40a5-a6d7-12866f0dd1e5,rides.immo,available,36.98,43.98,medium,low,5,namecheap,,,17/09/2026 06:42
7767b181-bd6d-4724-8d69-871fb2676922,bamboo.sex,available,69.98,154.98,high,medium,6,namecheap,,,22/09/2026 00:40
6cb019f5-5c74-4bd5-956f-2b7b6026e509,sweetsop.lgbt,available,14.99,79.99,medium,low,8,namesilo,,,19/09/2026 10:27
0c369402-ef93-45d9-ab28-1bdd4f6e00ee,mantra.bot,resell,,,high,low,6,"Dynadot, LLC",29/08/2026 07:38,29/08/2027 07:38,30/09/2026 03:49
d8c3eadf-9646-4454-894f-66f9e0d96142,domain.realty,premium,2275,3250,high,medium,6,namecheap,,,05/10/2026 15:52
bb1279b1-70b1-405c-8c87-29077c7e4999,almost.gallery,available,22.97,22.97,high,low,6,spaceship,,,28/09/2026 11:54
82aac6a1-7b90-4090-b176-910c11ade1ff,ganesh.jetzt,available,18.83,18.83,high,low,6,spaceship,,,02/10/2026 04:59
17af8a41-df43-4b8b-b1a7-61746f562aaa,kfc.lease,available,56.99,56.99,high,low,3,namesilo,,,16/09/2026 23:46
cbf71ac9-007e-4309-b6fc-39bb196f0687,sweetened.travel,available,23.98,186.98,medium,low,9,namecheap,,,11/09/2026 01:18
6efe76d8-6a06-4074-bada-921d615992cc,placidity.store,available,,,high,high,9,,,,
c3c814eb-8aa6-4df6-9401-d1ccc2182ee7,sedans.accountant,available,23.59,23.59,medium,low,6,namesilo,,,19/09/2026 22:27
4dd26495-5101-4dd5-aab3-0ad376355c69,blues.republican,available,5.66,26.26,high,low,5,porkbun,,,29/09/2026 03:01
81494693-091d-49f2-a5e7-c1774e855252,acapulco.services,available,5.48,51.98,high,low,8,namecheap,,,16/09/2026 21:10
b9ff423f-3983-4ef9-aaf1-86099cdbf410,soignee.bot,available,64.98,78.98,medium,low,7,namecheap,,,10/09/2026 13:30
19643a97-74d6-4718-82d4-1e2686dbe4f2,empress.bid,premium,448,53.92,high,low,7,namesilo,,,30/09/2026 17:09
9f89976e-4f22-46ef-bf7e-8ec9b810917b,urban.website,premium,640,640,high,low,5,namesilo,,,28/09/2026 10:00
1885aa1c-53e8-41d4-8607-8ad38c560685,yuri.study,premium,55.11,55.11,high,low,4,porkbun,,,28/09/2026 07:44
848311d0-636c-4540-b050-39ca56acaabf,relied.space,available,0.98,32.48,medium,low,6,namecheap,,,20/09/2026 05:00
b50b7187-99d9-494c-9d9d-bc392a2e714f,emblematic.vodka,available,32.49,32.49,high,low,10,namesilo,,,16/08/2026 09:29
f8fbcad2-f4e6-4cbf-873a-177898a67f76,arietta.christmas,available,34.99,34.99,medium,low,7,namesilo,,,20/09/2026 05:25
41c39537-b8ee-44d1-a1bc-582c71c94d0c,leader.charity,available,14.99,23.99,high,low,6,namesilo,,,30/09/2026 02:28
ab335a0b-bb3e-40b0-8636-84a996aecab3,grapevine.zone,available,7.96,31.25,high,low,9,spaceship,,,02/10/2026 05:05
2a3627c1-5d54-4dc7-8ad8-be59c0b5d8a0,concur.llc,available,13.5,,high,low,6,unstoppable,,,02/10/2026 17:11
c470b824-b8b4-4291-a4ee-b56e1bcd1c45,grinning.exposed,available,22.49,22.49,high,low,8,namesilo,,,27/09/2026 23:14
1996cda6-5584-4aae-84c1-e202aa9566a5,refreshing.luxury,available,49.99,49.99,high,low,10,name.com,,,11/08/2026 00:37
ad4a7ad2-57ce-4f77-8930-64201cad6d09,nitrous.forum,available,30.2,30.2,high,low,7,cloudflare,,,06/10/2026 18:50
79bd264e-273c-42cb-bcba-1cc5b6d89bd2,eliza.online,premium,500.2,,high,low,5,unstoppable,,,02/10/2026 09:41
338530f5-4602-499f-8f76-bed6f666823b,freeway.ngo,available,18.98,24.98,high,low,7,namecheap,,,29/09/2026 18:44
a81064a9-d634-4d18-bb51-028f620b37b1,she.nyc,available,26.08,26.08,high,low,3,spaceship,,,30/09/2026 22:17
409baa15-8eca-4d95-b6fc-2a4ac58ab6d6,relaxant.fish,available,44.49,44.49,high,low,8,namesilo,,,09/09/2026 13:22
9028a48b-bfe6-45ad-94c4-83bdc0116e41,advocating.soy,available,18.2,18.2,medium,low,10,cloudflare,,,02/10/2026 21:40
45f1a16e-a6ec-4715-a539-9f1353dbdf5a,interfaith.marketing,available,6.98,53.98,high,low,10,namecheap,,,22/08/2026 08:02
d6979108-8176-48c9-bc87-be46a4311a4d,microphone.protection,available,1999.99,2049.99,high,low,10,namesilo,,,03/10/2026 11:18
791d0a7b-5ada-4a44-a288-c1286edebe0b,boyfriend.cards,available,2.5,32.21,medium,low,9,dynadot,,,03/10/2026 16:22
da79e5ff-86fa-402d-9061-7766e618fb7c,ebullient.style,available,7.98,49.98,high,low,9,namecheap,,,14/08/2026 23:20
43a5590a-5f96-4a93-8055-a3d8246ff397,indulge.rentals,available,6.98,56.98,high,low,7,namecheap,,,21/09/2026 13:04
d9d56c8a-388e-4436-98b9-f1b47d8e69b4,vaccine.maison,available,57.99,57.99,high,low,7,namesilo,,,29/09/2026 02:28
0d309815-dbf8-4a7f-af40-5d8458877f4e,avuncular.degree,available,41.6,41.6,high,low,9,spaceship,,,06/10/2026 17:47
13846d13-46e9-4934-8d14-324ca0b4593f,magnetized.deal,available,38.98,48.98,medium,low,10,namecheap,,,24/08/2026 13:04
3122309a-1d6c-4d0c-958e-9026d82b34f4,palace.moi,available,27,25.99,high,low,6,unstoppable,,,29/09/2026 07:39
b7c9dcd2-52b8-4b90-b6ba-70b44bec9ae9,provident.ing,available,12.98,16.98,high,low,9,namecheap,,,09/09/2026 04:35
1fb46739-6025-4e0f-a658-149ac6ef8d8b,peppers.university,available,62.99,62.99,medium,low,7,namesilo,,,29/09/2026 17:14
3546ef11-629f-4197-8a10-a2235f6fa2d1,relish.systems,available,10.55,28.15,high,low,6,spaceship,,,29/09/2026 21:47
58423feb-7551-45dc-a9b0-7df2e88b0700,improver.black,available,17.48,82.98,high,low,8,namecheap,,,21/08/2026 14:58
c55596c2-92e8-49ef-aef7-37f8b006ef37,birch.ltd,resell,,,high,low,5,Alibaba Cloud Computing Ltd. d/b/a HiChina (www.net.cn),08/03/2020 16:10,08/03/2027 16:10,26/09/2026 04:26
b8e28478-6dfe-414d-8301-ce88e2702afa,skies.giving,available,7.48,35.98,medium,low,5,namecheap,,,18/09/2026 07:49
6b42b9be-f4e4-4fa6-8688-b7c6735ff7f0,increase.vana,available,2298,2498,high,low,8,namecheap,,,29/09/2026 20:27
04ba6551-429e-4a5a-9210-c4c71f9af67f,guiltless.degree,available,14.99,64.99,high,low,9,name.com,,,12/08/2026 10:18
5fbfb789-c21b-4994-9b5e-316ebfa61426,instant.accountant,premium,650,84.5,high,medium,7,namecheap,,,24/09/2026 02:22
a0a316bd-ec63-4186-8b08-2ff929a8784f,choral.construction,available,15.99,50.99,high,low,6,name.com,,,12/08/2026 07:03
68cf6016-40d7-4748-bccf-ae251d067ae1,cognizance.villas,available,59.99,59.99,high,low,10,namesilo,,,21/09/2026 09:59
6d89a8ab-2d51-448b-ad61-19d4df84857b,compromise.mortgage,available,62.99,62.99,high,low,10,namesilo,,,24/09/2026 16:54
7314b6b3-2cee-4080-a66e-540274a6f642,trustees.singles,available,9,,medium,low,8,unstoppable,,,29/09/2026 23:08
aa2dbf7a-b880-40b1-8013-81798540d897,indulging.car,available,1999.99,2199,high,low,9,namesilo,,,05/09/2026 00:26
52eb33d3-3c9b-497b-b1ea-cbbfc3164666,artistic.limited,available,37.98,39.98,high,low,8,namecheap,,,06/10/2026 01:17
fdcd5a88-9287-4437-a046-6a981d5e4e72,windflower.futbol,available,7.49,17.99,high,low,10,namesilo,,,19/09/2026 05:19
9153ff2f-f02c-41a8-889a-45287262834f,exceeding.shiksha,available,11.98,69.98,high,low,9,namecheap,,,17/08/2026 15:59
bc3c07b3-31b1-4d87-be16-3c470855d369,familiarity.expert,available,10.99,62.49,high,low,11,namesilo,,,30/09/2026 05:49
d84f1205-d710-4f32-9e97-7ce62ce56c3c,chorally.soccer,available,25.99,25.99,medium,low,8,namesilo,,,14/09/2026 06:49
832312c2-c8af-4587-a949-494e965d009c,mentoring.enterprises,available,8.48,28.15,high,low,9,spaceship,,,06/10/2026 21:30
7e267fe7-b24c-4380-ae37-e3b902f1c8bd,barns.rentals,available,10.99,44.49,medium,low,5,namesilo,,,20/09/2026 22:46
e07ee39c-44e3-4ae0-a2e9-0a6874ef95da,localised.link,premium,41.3,41.3,medium,low,9,namesilo,,,24/08/2026 08:47
c8aab300-830c-4090-83b8-5b53e3bee672,agnes.social,available,9.99,41.49,high,low,5,namesilo,,,25/09/2026 14:30
f7eb9c76-a329-419c-bcf9-86a780ab232c,feathery.show,available,14.99,56.99,high,low,8,name.com,,,18/08/2026 00:18
c7a1bab3-0e59-45e8-9bdd-06571390d913,smartness.bingo,available,14.99,77.99,high,low,9,name.com,,,12/08/2026 04:49
563e1959-a458-49c6-b1db-3a6ec94213b4,tracks.help,premium,83.3,116,high,low,6,namesilo,,,17/09/2026 16:05
55fa3429-e403-41f1-938e-a487fdcc0dfe,fiesta.rent,available,1.18,51.95,high,low,6,spaceship,,,01/10/2026 02:03
082d34e0-f84e-4abf-9202-5b1a3a541aa1,cosmic.gallery,resell,,,high,medium,6,"GoDaddy.com, LLC",13/02/2026 18:05,13/02/2027 18:05,26/09/2026 05:16
02c14e73-763a-43d9-b2f9-df20bc9e28eb,paying.cleaning,available,75.49,75.49,high,low,6,namesilo,,,24/09/2026 22:11
a86e856c-e02c-4168-a2a0-aff3d029b51a,felicity.catering,available,31.25,31.25,high,low,8,spaceship,,,29/09/2026 12:15
750cb7f6-a47a-45d2-90d0-e5b6167d702d,laudable.baby,available,17.99,54.99,high,low,8,namesilo,,,06/10/2026 02:37
aa77b268-f239-469a-a03e-d5a9bcfc28a8,terrific.photos,available,15.99,29.99,high,low,8,namesilo,,,25/09/2026 00:17
2a6f04b7-acc6-4dba-b986-d080af7fe0e2,mothering.vc,available,32.98,41.98,high,low,9,namecheap,,,07/10/2026 00:47
d1b1c98f-afa4-4ec6-a15b-060779d4f0c6,redesign.hospital,available,47.3,47.3,high,low,8,dynadot,,,30/09/2026 19:12
aa691fcd-3a81-46fe-a339-67060259e526,amicably.beer,available,1.98,43.98,medium,low,8,namecheap,,,13/09/2026 19:29
e90585cf-8b19-4a86-bd15-a1a47e637b15,admittance.black,available,27.99,64.99,high,low,10,namesilo,,,16/09/2026 22:13
e8576af6-f8f8-4c6e-ba32-65167f66c88d,recommends.la,available,27.99,27.99,medium,low,10,namesilo,,,02/10/2026 03:44
dd5267f5-1db7-4e19-95bc-bda45a9c049a,ecstatic.video,available,4.98,49.48,high,low,8,namecheap,,,14/08/2026 23:44
1e1d082a-bdf9-4ae3-94f6-63bf0c5e8fc8,wholly.navy,available,33.32,33.32,high,low,6,spaceship,,,05/10/2026 14:58
33dae12a-a1a4-4676-9e70-dae966eff118,aqua.jetzt,available,23.99,23.99,high,medium,4,namesilo,,,19/09/2026 22:48
4d699a96-90fb-46cb-b344-e0837e8bf7be,cooked.ceo,available,10.19,129.99,high,low,6,namesilo,,,23/09/2026 22:56
8ecb6aeb-27a0-45ca-b54b-37aa0f574d26,fierce.trading,available,21.98,27.98,high,low,6,namecheap,,,23/09/2026 01:48
9d3a6126-331a-4377-bb45-ac9f9787fb49,heightened.rehab,available,8.24,30.18,high,low,10,dynadot,,,29/09/2026 21:14
5834344b-540b-4e31-9f54-b68426bae431,eileen.rich,available,94.99,1999,medium,low,6,namesilo,,,26/09/2026 03:31
44ca96a2-cd78-42e4-9e25-3e5cac8e3a2e,enroll.actor,available,16,,high,low,6,unstoppable,,,30/09/2026 18:26
244227b7-9d86-4d99-b871-28b927fe946c,snapshot.storage,available,535.22,535.22,high,low,8,dynadot,,,02/10/2026 06:26
d71b3a08-0ab3-461d-b2b7-1865c4d547b4,vase.diamonds,available,54.99,54.99,high,low,4,namesilo,,,28/09/2026 11:03
0393ae68-af80-4b0e-9809-81e953c1ce22,enlivening.finance,available,15.73,51.95,medium,low,10,spaceship,,,05/10/2026 21:16
6bfad0b9-9d6e-4d13-aee8-67fa1de8c228,tapestry.observer,premium,13,13,high,low,8,namecheap,,,20/09/2026 08:48
64daf5d2-d5ee-4288-85b6-66a0aef9e754,provide.ag,available,89.99,79.99,high,low,7,namesilo,,,30/09/2026 07:04
8f196e40-51e3-4383-83e3-4f98d7427f54,multicolor.kids,available,6.79,19.99,high,low,10,namesilo,,,03/09/2026 10:35
f28fa62b-3a49-49bb-8d5d-a27f01a54870,seniors.industries,available,35.2,35.2,medium,low,7,cloudflare,,,29/09/2026 05:13
32474261-a8ba-45c9-bdd2-0a02e13c64f9,wooing.viajes,available,35.18,35.18,high,low,6,spaceship,,,05/10/2026 11:10
7d700ab8-35d1-41ac-a670-a9f919f12a73,rfid.tax,available,7.96,54.02,high,low,4,spaceship,,,02/10/2026 01:54
cb0cc958-81ff-485c-acea-3acde1735f98,grandmother.games,available,26.2,26.2,high,low,11,cloudflare,,,30/09/2026 22:07
ef21a4bf-c825-40e5-97c7-ae29425c4e07,telecast.hamburg,available,69.98,73.98,high,low,8,namecheap,,,03/10/2026 02:31
56d63b9e-8a72-42fd-bc5f-1a9b51f4947b,andrei.company,available,2.5,17.34,high,low,6,dynadot,,,28/09/2026 04:07
ba720dc1-c716-4d9b-8159-d83eb109e595,devotedly.at,available,11.99,11.99,high,low,9,namesilo,,,14/09/2026 12:28
8f24bff0-d181-4fc9-bfe4-444efee960ae,ilona.football,available,20.9,20.9,high,low,5,spaceship,,,05/10/2026 18:29
417d9eeb-9396-4290-9064-b5bded42b11c,lincoln.la,resell,,,high,medium,7,LA Domain Names,14/02/2018 09:59,14/02/2027 23:59,26/09/2026 07:14
3c5bfeaf-feba-46c2-a4ce-de47ccc86a0d,energetic.fail,available,38.99,38.99,high,low,9,namesilo,,,27/09/2026 06:59
e44b4fff-e968-4caf-9857-9e4e887f842b,tambourine.supply,available,20.2,20.2,high,low,10,cloudflare,,,05/10/2026 14:01
5f4cfa85-d0bf-41d9-a02c-2df2e5933410,eminem.ink,available,2.99,32.49,high,low,6,namesilo,,,03/10/2026 04:12
c0a9fafa-bb5d-4d15-ad1f-db7a7a7825dd,kinglike.cool,available,5.98,50.98,medium,low,8,namecheap,,,22/08/2026 16:19
e0131121-61b1-4a04-9b45-e2681029a492,mythic.hosting,available,309.99,429.99,high,low,6,namesilo,,,03/09/2026 12:29
9dd8a8c1-77da-4a25-9ab3-dd2cd39d08ed,syntheses.charity,available,6.41,22.39,medium,low,9,spaceship,,,04/10/2026 20:43
d17e1eb0-2837-40d9-8f4e-69d3dfe74e6a,hygienic.kids,premium,53.92,21.24,high,low,8,namesilo,,,21/08/2026 16:27
d14f4194-f5bb-4c6d-9892-0111af5b77fa,prays.tel,available,10.62,10.62,medium,low,5,namesilo,,,03/10/2026 08:17
323ebb38-db62-46eb-b444-fb711dcd15b6,pious.garden,premium,104,32.5,high,medium,5,namecheap,,,08/09/2026 19:57
32ebb159-2545-4c48-8488-3ab94e9c645d,agnes.financial,available,23.99,58.99,high,low,5,namesilo,,,25/09/2026 14:30
84da5bd5-a060-4194-bce8-9ac63e732c76,chemist.cricket,available,23.59,23.59,high,low,7,namesilo,,,19/09/2026 19:39
cdad2a3b-89aa-4d93-952c-4deb5018385b,reggae.exposed,available,17.8,17.8,high,low,6,spaceship,,,02/10/2026 06:14
ac3f598e-5c4a-4b83-b054-e1232bccd638,celebrations.inc,premium,2015,2600,medium,low,12,namecheap,,,01/10/2026 18:40
50b1386e-727a-4ba4-9459-3581e75a8549,observes.fast,available,23.49,23.49,medium,low,8,spaceship,,,04/10/2026 09:20
6f368e39-f587-4c83-a38f-ccc7d067afb1,superstar.place,available,17.8,17.8,high,low,9,spaceship,,,05/10/2026 09:59
670e1979-ff2f-4261-967e-a9d71664b103,voiced.life,resell,,,high,low,6,"Sav.com, LLC - 5",11/03/2026 15:15,11/03/2027 15:15,26/09/2026 10:02
c21222af-7e26-4d32-9aba-10610060fc91,onwards.ltda,available,42.98,46.98,high,low,7,namecheap,,,14/09/2026 19:51
cc82d4a2-336e-4d29-94ce-f8fa7a292652,lemonlike.golf,available,6.98,83.98,medium,low,9,namecheap,,,22/08/2026 23:27
e9391a9f-708e-4896-95c5-f9e428febb74,parishes.theatre,available,509.99,529.99,medium,low,8,namesilo,,,18/09/2026 08:08
365d3632-99fa-40f7-ad00-ebe84825db74,fairly.maison,available,57.99,57.99,high,low,6,namesilo,,,24/09/2026 16:08
584e76c1-0ec3-4236-8d4c-d451c4b71cef,newsstand.protection,available,1999.99,2049.99,high,low,10,namesilo,,,05/10/2026 00:54
079f8649-3ba7-410d-ad5f-57ba0e835b89,update.study,premium,103.7,103.7,high,low,7,spaceship,,,02/10/2026 21:17
0fb97b40-80c3-4e0e-abcc-50100b7d3268,positivist.theatre,available,509.99,529.99,medium,low,10,namesilo,,,09/09/2026 00:12
25822436-14f7-4407-8dca-c6bb5d629fef,affluent.express,available,12.49,39.99,high,low,8,namesilo,,,21/09/2026 21:54
94f6b81a-66bd-466b-8493-c5b750b7d05a,lawfully.agency,available,5.99,39.99,medium,low,8,name.com,,,13/08/2026 19:09
43b10d12-6e78-4595-bd7b-98f4f8510770,sustained.credit,available,9.48,131.98,high,low,9,namecheap,,,18/08/2026 14:51
857b7bbb-8577-4d48-8498-38f108b55973,wits.healthcare,available,93.98,111.98,high,low,4,namecheap,,,29/09/2026 14:09
ee46b4c0-7632-4e79-a69a-da0acacdc54a,aroused.events,available,35.2,35.2,high,low,7,cloudflare,,,04/10/2026 22:15
fbaa5e85-bd03-476f-9879-df84b4868db7,motorboat.business,available,2.57,15.96,high,low,9,porkbun,,,05/10/2026 00:52
628d4e30-c2a6-4256-a257-80b3552a685f,motherlike.to,available,39.98,39.98,medium,low,10,namecheap,,,25/08/2026 07:04
50dc18cf-6e32-468d-85bd-8f52a604e9b5,autographed.garden,available,25.2,25.2,high,low,11,cloudflare,,,03/10/2026 03:40
627f3297-6e42-4c5d-b758-f8d9ae45dcff,birdfeeder.site,available,0.98,31.98,high,low,10,namecheap,,,23/09/2026 19:53
ca59c9fe-b917-48bb-9da6-52959eab95b5,protected.dad,premium,37.7,37.7,high,low,9,namecheap,,,27/09/2026 07:42
e1e884cc-9ac0-4409-a82a-78def2f5f8c2,jillian.buzz,available,2.05,26.26,high,low,7,porkbun,,,02/10/2026 09:14
57bfb27f-c13d-4f94-b1ab-21fad9b24b19,crus.motorcycles,available,1.99,17.29,high,low,4,namesilo,,,06/10/2026 00:38
8860c70b-13c1-4942-86f0-a62120d9465d,norma.democrat,available,7.25,32.99,high,low,5,namesilo,,,28/09/2026 14:58
f1821035-a089-4d08-af51-6edaa5c63e73,sealife.app,available,,,high,high,7,,,,
25faf50f-c2f0-44b6-b5d3-baf48e096e42,worships.click,available,1.8,17.98,medium,low,8,namecheap,,,06/10/2026 11:57
6239c65f-5539-499b-8fec-00e96587d6b2,shrewdly.beauty,available,1.8,21.98,medium,low,8,namecheap,,,13/09/2026 22:22
2790b737-3314-42cb-a242-732fc69cb447,overture.shopping,available,8.24,24.83,high,low,8,dynadot,,,30/09/2026 18:16
4c576e72-9a15-41e0-a1c1-dadd1a1a3737,skillful.engineering,available,10.48,85.98,high,low,8,namecheap,,,21/09/2026 17:27
b7ef717e-23ec-4939-93e3-489080fed479,civil.how,available,20.84,20.84,high,low,5,spaceship,,,06/10/2026 04:50
8cee58a8-9fe0-4492-ae76-be624293f466,nickname.art,premium,354.9,91,high,low,8,namecheap,,,24/09/2026 11:25
a9fef23d-1c0c-40a1-ba36-30b99ac843b9,honour.camera,available,58.99,58.99,high,low,6,namesilo,,,16/09/2026 22:47
3ba9b8ec-b34f-4ea1-b886-6b1a4115a779,increase.lawyer,available,48.2,48.2,high,low,8,cloudflare,,,29/09/2026 20:27
52f57b74-bcb5-40c4-89cb-c40c7dbe73d5,avocado.loans,available,17.48,144.98,high,low,7,namecheap,,,22/09/2026 14:34
19bd4613-6be9-48fe-92a7-d2285dcaccd5,escapade.chat,available,5.98,58.98,high,low,8,namecheap,,,17/09/2026 10:37
90cdb8fd-d272-4917-9f14-0d93765d9d57,zealously.foo,available,12.98,17.98,medium,low,9,namecheap,,,16/09/2026 11:50
2cf73a32-cf6a-4710-8cf8-7469c8ae79c8,beguiling.florist,available,32.99,32.99,high,low,9,namesilo,,,22/09/2026 01:38
4aaaf583-57eb-4f19-b992-dae281120db0,peaking.florist,available,8.24,26.26,high,low,7,porkbun,,,02/10/2026 02:14
51286be3-08f1-4b43-ae36-a865e759e56c,magnate.football,available,25.99,25.99,high,low,7,namesilo,,,23/09/2026 14:16
d3b6eb08-60b1-47e2-af05-a459c66d6676,reader.holiday,available,50.2,50.2,high,low,6,cloudflare,,,30/09/2026 02:38
8b75d63b-cf53-4ff3-b3ac-9b189d1c5d3e,courteous.center,available,4.98,42.98,high,low,9,namecheap,,,24/09/2026 00:40
85e3485b-fe3f-48f6-b0eb-2153a4729f95,joker.sexy,premium,11000,11000,high,low,5,dynadot,,,28/09/2026 19:34
c1730f31-2c1f-436e-ac06-48736e47d48e,gratis.tech,available,,,high,low,6,,,,
413db159-e276-414e-be8d-9d8c5ff83f67,whimsy.accountant,premium,455,65,high,low,6,namecheap,,,20/09/2026 00:42
70d29f0d-3450-47e0-9f88-a981ba285b3a,fame.adult,available,51.95,98.53,high,low,4,spaceship,,,06/10/2026 13:23
5dc00361-f88b-4506-bf9b-c5d0e284af5d,tackling.mx,available,30.7,30.7,high,low,8,cloudflare,,,03/10/2026 03:33
e87a033b-05e5-47eb-9083-ec6ab7ef1a44,styles.audio,premium,715,715,high,low,6,dynadot,,,28/09/2026 22:23
22413278-a1b4-4394-9527-ba791b657103,revelations.expert,available,7.96,49.88,high,low,11,spaceship,,,30/09/2026 15:02
44f5c807-f964-4b51-a83c-81276e37e08b,attic.vana,available,2070.2,2070.2,high,low,5,spaceship,,,06/10/2026 15:15
68517fe2-545d-4336-a8ef-83c840651b08,conserve.pink,premium,78.54,78.54,high,low,8,namesilo,,,24/09/2026 17:27
fed4848c-38c1-4b71-ab18-461210f2cc20,evelyn.miami,premium,47.2,21.24,high,low,6,namesilo,,,25/09/2026 14:39
d784babf-0ffa-41ee-829a-dbe3383ba88b,zorro.company,available,16.76,16.76,high,low,5,spaceship,,,04/10/2026 14:06
8bce2752-c6a1-4fe9-98ce-a68f85eed95c,compelling.claims,available,11.98,82.98,high,low,10,namecheap,,,23/09/2026 17:02
17b26afb-b7b5-4c0a-8622-e2b564f63ff5,theatrical.productions,premium,118.8,118.8,high,low,10,namesilo,,,11/09/2026 12:33
6070fd05-47d5-4c3e-8ac2-7ec465ae4404,original.sucks,available,218.99,218.99,high,low,8,namesilo,,,26/09/2026 00:32
513e033c-077d-4ad1-af69-78ce8263bf73,unquestionable.boats,available,1.99,,medium,low,14,name.com,,,
3c1b9a67-8c7f-416f-9681-c541b6881fac,bellis.gripe,available,6.99,6.99,high,low,6,namesilo,,,23/09/2026 06:15
f4d8a1c2-eeda-4c6d-a276-6616a73171d9,sexy.tennis,premium,85.8,85.8,high,low,4,namecheap,,,22/09/2026 07:13
5780a87f-faab-4879-8a63-389718c08ed8,puddings.coupons,available,5.99,54.99,medium,low,8,namesilo,,,19/09/2026 22:22
7426596c-8b8b-47ff-842c-135c08e32d69,runner.melbourne,available,44.98,53.98,high,low,6,namecheap,,,21/09/2026 22:22
ed029f7c-47c8-49b3-b80e-7d9ec655d39d,airport.camp,available,48.2,48.2,high,low,7,cloudflare,,,28/09/2026 19:10
12a68c10-0fdd-48a5-8e98-61b7beae60d8,berceuse.tube,premium,23.6,23.6,high,low,8,namesilo,,,23/09/2026 09:10
38c100da-48ee-4539-aedd-4f603f87f272,plenteous.top,available,2.98,6.98,medium,low,9,namecheap,,,08/09/2026 21:08
143dac20-7cb0-4197-8764-d03f2175786d,washington.credit,available,11,,high,low,10,unstoppable,,,28/09/2026 20:59
95803717-9d5c-4481-a406-ba879ee487d4,avenged.bid,available,4.18,5.18,high,low,7,cloudflare,,,06/10/2026 17:27
2d15cb27-da33-47b9-a526-cb9f75bf7113,ascendent.forex,available,13.5,133.98,medium,low,9,unstoppable,,,05/10/2026 22:39
2792fc23-29f3-4e92-ae12-ccc027659a00,ascertain.osaka,available,26.68,26.88,high,low,9,porkbun,,,02/10/2026 17:12
a2f6ec3b-0468-4207-8a26-8b8f8d95ac87,gratz.living,available,5.49,39.99,high,low,5,namesilo,,,05/10/2026 03:42
7dcb053d-187d-4616-8134-113c665f667b,britons.online,available,,,medium,low,7,,,,
7ec5b31b-faf1-42a8-b760-9f272eb4a06e,rallies.cool,available,9.49,44.99,medium,low,7,namesilo,,,02/10/2026 02:59
65981eb7-aea5-41fe-9425-0359e5513fad,retrospect.sale,available,30.2,30.2,high,low,10,cloudflare,,,30/09/2026 18:28
68df1c1f-c45e-4bfa-8e75-41747d2107cb,angelfish.services,available,14.99,38.99,high,low,9,namesilo,,,19/09/2026 05:56
cae62703-67eb-4c36-b73c-3c8969322f9b,carven.meme,available,12.98,15.98,medium,low,6,namecheap,,,11/08/2026 19:59
3d002a0f-511c-408a-b15b-27f5d0da2ddc,talent.catering,available,31.25,31.25,high,medium,6,spaceship,,,29/09/2026 18:11
d4cb4464-e739-4735-a831-37d977d3bd2e,duke.horse,available,26.08,26.08,high,medium,4,spaceship,,,29/09/2026 17:06
cd69d301-82c4-43c4-a9e4-17e00b2d726b,melody.doctor,available,13.5,,high,low,6,unstoppable,,,28/09/2026 02:24
8f046197-32fa-47fe-b854-fccb912523c0,piglet.kim,available,12.99,23.49,high,low,6,namesilo,,,19/09/2026 22:30
a6259935-aec4-4934-b6d4-882845822bbd,notebooks.place,available,22.49,22.49,medium,low,9,namesilo,,,20/09/2026 11:51
6c99fa66-983c-4c8d-9d3c-3532c0dbab3b,young.fishing,premium,41.6,26.08,high,low,5,spaceship,,,28/09/2026 09:49
42a84cbc-a057-4124-9352-d6e9030586f5,academia.hiv,available,184.9,184.9,high,low,8,spaceship,,,28/09/2026 08:49
10f2a2da-5cba-443e-8441-ff35fb9aa9b4,needed.voting,available,1398,1448,high,low,6,namecheap,,,03/09/2026 14:49
fe4b0c6b-02a9-46b2-9e5e-493bf31538a4,muriel.xxx,available,95.2,95.2,medium,low,6,cloudflare,,,28/09/2026 12:06
ba796aec-9be9-41b3-9341-a1ac0fb2d6f1,pitcherful.site,available,,,high,high,10,,,,
b3b78ba1-0fc3-43c4-bc65-31b483e2689d,score.ltda,available,30.18,30.18,high,medium,5,dynadot,,,04/10/2026 18:31
d9ab09da-f91a-46f0-9cb0-c6553455b614,momma.luxe,available,15.73,15.73,high,low,5,spaceship,,,04/10/2026 12:31
96372013-6417-43b4-b141-013b8267c0eb,pet.ski,premium,854,854,high,medium,3,namesilo,,,27/09/2026 06:59
4a2e47a8-6e85-4d59-8fe2-8f8a8f039dbb,pregnant.gratis,available,26.99,29.99,high,low,8,name.com,,,25/09/2026 18:23
6fdf3954-dcf7-4d7c-9b53-ad1e86ec3dda,headteacher.blue,available,19.99,24.99,high,low,12,namesilo,,,02/10/2026 16:28
3bf1ae5e-5d92-43ec-bc2d-4803f089a41f,teatime.stream,premium,448,53.92,high,low,7,namesilo,,,17/09/2026 15:45
9a12d56d-0abe-4e88-acf2-f217735fed1e,introducing.deal,available,48.98,,medium,low,11,namecheap,,,17/09/2026 20:59
6798c404-59fd-4006-a877-d483adb138bb,farseeing.in,available,7.95,7.95,medium,low,9,namesilo,,,14/08/2026 22:22
fac23121-445e-4d29-aaec-dd5c5e5349ea,buick.stream,available,4.32,5.35,high,low,5,spaceship,,,30/09/2026 12:46
1085a793-a7e2-4b6b-a76b-ad24e4301676,astrophysics.bio,available,5.38,58.16,high,low,12,spaceship,,,03/10/2026 16:41
f6807cf1-a959-4927-a74c-82738ee1d965,limerick.tax,available,14.99,67.49,high,low,8,namesilo,,,03/10/2026 01:29
ee1058e7-b55e-4e6a-aef0-55ebdcd17136,leverage.ag,available,89.99,79.99,high,low,8,namesilo,,,29/09/2026 01:34
50eb6fc4-ad43-4953-8ff1-cf328fa5c22c,relish.hockey,available,59.99,59.99,high,low,6,namesilo,,,29/09/2026 21:47
e746d939-cd92-4a62-89e9-64cb14923f7a,elysian.sbs,premium,68.43,147.2,high,low,7,namesilo,,,16/08/2026 06:18
dc5f26b8-e42e-4346-896d-472f44621626,pediatric.observer,premium,11.8,11.8,high,low,9,namesilo,,,04/09/2026 22:48
58c0079e-f43d-4d5f-8805-c9c5cb57fa1c,merrie.soy,available,18.78,18.78,medium,low,6,spaceship,,,05/10/2026 06:57
c80e3508-dd69-4cd3-9a76-d3f29bb58786,movies.estate,available,15.99,38.99,high,low,6,namesilo,,,02/10/2026 21:58
89d50bb3-21c5-4d98-be9c-0c0af0ded833,interfaith.center,available,4.98,42.98,high,low,10,namecheap,,,22/08/2026 08:02
c3738563-7076-449c-850d-bb2801db6bd7,infotech.so,available,,,high,high,8,,,,
24e67b95-ec07-4497-af09-0a79f197f2b3,monk.forex,available,10.55,83,high,low,4,spaceship,,,30/09/2026 04:34
a6ee3fc1-332d-4adf-a0c1-d9f0543c176e,testosterone.sydney,available,42.36,42.36,high,low,12,dynadot,,,29/09/2026 10:23
515d76b6-64c9-49cc-96f9-4f0695c4249d,solutions.fast,premium,517.7,517.7,high,low,9,spaceship,,,06/10/2026 01:13
df5cd51d-88e2-4f61-9027-5b7f128de02f,wheat.cab,available,32.99,32.99,high,low,5,namesilo,,,28/09/2026 06:34
ab25259b-0647-4f9c-b77f-9a5ab8886b3f,banqueting.monster,available,1.99,17.29,high,low,10,namesilo,,,22/09/2026 03:08
53ff89c3-d434-421c-a166-43b7588d5153,depend.qpon,available,3.49,9.72,high,low,6,dynadot,,,30/09/2026 18:33
3a18803c-12e4-445c-8191-f5add8968860,performs.bz,available,18.88,18.88,medium,low,8,dynadot,,,03/10/2026 07:34
6e460987-6d23-4b25-aa7c-0ac2f2f59349,badge.estate,available,6.98,52.98,high,low,5,namecheap,,,19/09/2026 15:56
a0beb93d-f7a9-47a8-b646-140b68fc81bd,frequently.pink,available,20.2,20.2,medium,low,10,cloudflare,,,28/09/2026 14:57
222235be-871a-48c0-88eb-2b98d682dfa9,valor.taxi,available,10.99,62.99,high,low,5,namesilo,,,30/09/2026 17:26
0385ce0b-8bcf-4a19-9665-c10ada10d97a,taipei.sex,available,51.95,98.53,high,low,6,spaceship,,,29/09/2026 07:03
c7b76321-15fd-470e-870b-a6e63a2a87f4,planning.viajes,available,37.99,37.99,high,low,8,namesilo,,,30/09/2026 07:00
0919c42a-5bb4-421d-9c4e-ad87f7399e6d,roll.cv,premium,1042.76,69.86,high,low,4,spaceship,,,27/09/2026 15:56
50cbaa45-1afb-4dae-90e9-1237e3c5c52d,yours.film,available,65.99,65.99,high,low,5,namesilo,,,02/10/2026 04:34
da4fd390-dd6a-4e10-a4c2-52dd79ec8ffb,convertible.tours,available,5.98,81.98,high,low,11,namecheap,,,28/09/2026 15:45
73d580aa-68d4-4a56-880e-998694b21394,rouge.surf,available,1.24,26.08,high,medium,5,spaceship,,,29/09/2026 07:59
26209210-d0ec-424c-89d6-17c356424bbb,cosset.kids,available,6.79,19.99,high,low,6,namesilo,,,21/09/2026 13:00
3e0837cb-ff5a-4bf0-a556-7a16d7c3cdb7,pressurewash.graphics,available,23.99,23.99,high,low,13,namesilo,,,05/10/2026 20:57
810369bf-fecd-4da0-98de-5a291e2455d8,goodwin.airforce,available,83,83,high,low,7,spaceship,,,02/10/2026 13:51
bc4b6529-0e73-40c8-b1d0-f93283e12ed2,flavored.surgery,available,54.99,54.99,high,low,8,namesilo,,,03/10/2026 03:19
d5f944f7-06a1-4362-a34b-5523a92b830c,interpersonal.run,available,6.99,26.99,high,low,13,namesilo,,,02/10/2026 22:13
857ae003-05e4-42d0-ad54-12849faf213a,watersheds.zip,available,10.81,10.81,low,low,10,porkbun,,,28/09/2026 23:41
569fa758-23d8-4881-8a0b-3634996d9f47,fashions.direct,available,17,,high,low,8,unstoppable,,,02/10/2026 13:01
d1a3cf5c-0476-4c6c-8a6e-f43030659c23,manchester.tattoo,premium,103.7,103.7,high,low,10,spaceship,,,28/09/2026 19:49
5e3b735c-d9f0-4f2b-9396-25d2353e986b,sunlit.surf,available,1.98,43.98,high,low,6,namecheap,,,11/09/2026 01:59
fc94a7d9-1fbf-438c-badc-2feb997045da,grandstand.one,available,20.36,20.55,high,low,10,dynadot,,,03/10/2026 00:14
511bce9a-a9eb-493b-b514-27d00be5f149,espana.cash,available,12.99,38.99,high,low,6,namesilo,,,05/10/2026 11:28
b121c12e-3c77-4f46-bbee-50976a0ee664,sterilize.finance,available,50.2,50.2,high,low,9,cloudflare,,,06/10/2026 17:44
8993c331-c32a-4108-93c6-4733daf40479,pastoral.exchange,available,30.2,30.2,high,low,8,cloudflare,,,06/10/2026 04:40
4286d28f-b204-421f-8450-a2c04440631d,flying.makeup,available,1.99,17.29,high,low,6,namesilo,,,24/09/2026 17:17
39f59e79-6027-4735-bd63-f00bb806b278,step.tech,premium,647.08,2587.7,high,low,4,spaceship,,,28/09/2026 17:14
79dbc675-ddc0-41da-b2a0-b6cc3b9997db,bakery.forsale,premium,78.54,78.54,high,low,6,namesilo,,,05/10/2026 04:22
db0c163e-8a58-4b0c-b67e-aecd60fa9aa5,uniformly.camp,available,62.99,62.99,medium,low,9,namesilo,,,16/09/2026 10:05
b68ad152-2915-4fe0-ba17-8f101b8d9e31,logistics.domains,available,34.36,34.36,high,low,9,spaceship,,,05/10/2026 16:16
65d17bf9-9b23-47b5-9bc5-b6ec2300cb3a,sunbury.theatre,available,509.99,529.99,high,low,7,namesilo,,,01/10/2026 11:43
fc018efd-a8b5-4f38-9d87-806f9aa0a915,finalist.markets,available,5.38,15.73,high,low,8,spaceship,,,02/10/2026 15:11
be650443-1312-4224-9a8a-6f004bd2be22,flamboyant.discount,available,30.99,30.99,high,low,10,namesilo,,,22/09/2026 12:57
87ffe0ef-68f2-4bf2-9263-1ff1d3db9ae9,ardor.gold,available,9.99,99.99,high,low,5,namesilo,,,20/09/2026 03:15
deef446a-b657-41bc-af54-056560734ae4,legible.condos,available,58.99,58.99,high,low,7,namesilo,,,22/08/2026 22:59
3c5c5129-d931-4d37-963c-afaf7e9f97dc,itinerary.build,available,25.2,25.2,high,low,9,cloudflare,,,01/10/2026 20:07
f6440a77-9de3-45a9-962a-26023599d8a6,understand.pics,available,1.24,26.08,high,low,10,spaceship,,,30/09/2026 18:59
e810b4a8-47c7-4274-92fb-431655bbc9f5,paired.cruises,available,14.99,81.99,high,low,6,name.com,,,04/09/2026 23:11
88aa04a5-60de-461a-ac48-3de6c0fbe496,tupperware.uno,available,20.2,20.2,high,high,10,cloudflare,,,06/10/2026 11:32
11c62157-2653-439b-aa29-27d8a188065f,progression.legal,available,57.13,57.13,high,low,11,spaceship,,,02/10/2026 17:07
cf84451b-f91d-408b-8dba-a59bcf9eabf9,impulse.sale,premium,68.51,68.51,high,low,7,spaceship,,,29/09/2026 07:26
cd43a654-58b8-4ff3-bcb6-992e38a7d6dc,lustre.space,premium,81.25,325,high,high,6,namecheap,,,27/09/2026 05:33
f57b2d51-aa53-4c7f-be7e-bfea1a94eb75,communicator.bz,available,16.79,16.79,high,low,12,porkbun,,,02/10/2026 18:22
2dff582a-6d19-408b-866d-e68aeafeae05,sale.site,premium,10000.2,13800,high,low,4,unstoppable,,,29/09/2026 13:09
a869e2e9-bc52-4418-8a0a-102461ac2708,cathedra.actor,available,16.99,44.49,medium,low,8,namesilo,,,23/09/2026 21:50
b31084e8-d14b-42d5-bac5-4adc16f19ab5,ecosystems.ing,available,12.98,16.98,medium,low,10,namecheap,,,04/10/2026 20:14
ef4c899d-6e79-4599-af58-a8cc333c6e85,tremendously.games,available,10.55,27.11,medium,low,12,spaceship,,,30/09/2026 19:57
3cc32c50-35e3-4918-88e0-1a1c2eadc17b,hometown.education,available,21.62,29.11,medium,low,8,dynadot,,,30/09/2026 22:54
fb42995b-4e55-4472-a480-a6a5d3ea3f20,upvoter.zip,available,14,,high,low,7,unstoppable,,,05/10/2026 17:26
f96b7f99-de01-4782-b91c-ffd1664ed5b5,eulogistic.channel,available,12.98,16.48,medium,low,10,namecheap,,,16/08/2026 23:07
f32c982f-b924-4417-9dea-03c02c67fa47,careful.wtf,available,7.49,36.49,high,low,7,namesilo,,,23/09/2026 12:50
0dc60ee8-78fb-4a14-9fa4-f59eb6cae1f5,zooming.chat,available,10.5,,high,low,7,unstoppable,,,01/10/2026 17:57
9c726c2c-ef1f-4450-b268-b136ebe4f882,viable.cruises,available,14.99,81.99,high,low,6,name.com,,,17/08/2026 16:52
494301cf-2e86-4438-86cb-20eed7337982,breathtaking.farm,available,15.99,38.99,high,low,12,namesilo,,,01/10/2026 10:31
cc557f23-5289-4312-af67-7f59be0380c9,efficacy.sydney,available,58,58,high,low,8,namesilo,,,04/10/2026 23:18
90d2667f-c669-49a6-aff7-e09204b24f23,newborn.lifestyle,available,5.49,39.99,medium,low,7,namesilo,,,02/10/2026 01:22
eb4768fe-ed51-4149-8f4b-85ac9e9f1370,buoyant.reisen,available,3.99,20.99,high,low,7,namesilo,,,11/08/2026 10:06
21aab506-a97e-4598-bc28-395ff581013c,humbled.bayern,available,34.99,34.99,high,low,7,namesilo,,,21/08/2026 15:00
b519c53d-d8e1-4dd7-9fc3-969b8c00dabe,enticing.salon,available,57.99,57.99,high,low,8,namesilo,,,22/09/2026 01:41
104f35aa-3510-46c8-ae9a-d96f40fd93af,biochemist.skin,available,1.99,17.29,high,low,10,namesilo,,,23/09/2026 17:44
7dc609e2-d78e-4ba1-811c-4db769fdc3df,banquet.wine,available,9.99,59.99,high,low,7,namesilo,,,22/09/2026 02:59
ca5dc308-a0cd-4d50-ba20-829d63642ca0,dances.realty,available,88.18,289.16,high,low,6,spaceship,,,03/10/2026 12:03
efd2c62c-a500-4b89-bfee-e0a96bc88f2d,abraham.guide,available,41.49,41.49,high,low,7,namesilo,,,16/09/2026 16:50
742824e8-7d00-4971-9664-e84d50b93807,cleaning.lawyer,available,62.99,62.99,high,low,8,namesilo,,,27/09/2026 06:58
051320fd-1cc1-40b1-811c-496aca35f996,jokingly.click,available,1.8,17.98,medium,low,8,namecheap,,,14/09/2026 17:23
c8613daa-8619-43a8-a125-4d4da3ea9c69,appreciated.club,premium,25.5,,high,low,11,unstoppable,,,28/09/2026 07:22
2f4ced0d-1e00-42e1-b713-888995243549,impress.talk,available,38.99,38.99,high,low,7,namesilo,,,29/09/2026 23:37
5a7226b4-7ed6-4a85-bfa8-7afa548fcbf0,magnificent.green,available,14.99,79.99,high,low,11,namesilo,,,25/09/2026 11:17
0c078d26-4fd7-4595-a6d9-1873daaa786f,eudaimonia.date,available,5.25,6.25,high,low,10,namesilo,,,12/09/2026 23:00
5dc12d2d-84c6-46bc-954d-4c07e45f0b92,renovations.ninja,available,15.99,30.99,high,low,11,namesilo,,,02/10/2026 13:58
114f0ffa-bc1e-433d-8491-7396073b83be,easiest.market,available,34.2,34.2,medium,low,7,cloudflare,,,28/09/2026 23:51
f934fe51-3e44-4286-8fba-139e992107a4,jeanie.you,available,18.54,18.54,high,low,6,porkbun,,,03/10/2026 14:41
3e777cd3-6db0-4e4e-8134-d03ea8888998,workable.diamonds,available,54.99,54.99,high,low,8,namesilo,,,17/08/2026 16:53
44ebd0c2-e92c-4a02-a547-627e8495d40c,upright.spot,premium,116,116,high,low,7,namesilo,,,17/08/2026 12:05
1c98a162-0f98-46a2-b8db-254da99a11aa,wealthy.theater,available,65.99,65.99,high,low,7,namesilo,,,21/09/2026 21:57
d3e0b1dc-4c97-49aa-8fce-695c0ab70170,napping.financial,available,17.48,66.98,high,low,7,namecheap,,,03/09/2026 13:07
cb7f40ca-09b2-458b-abce-7e25ff1ad46d,redesigned.contractors,available,35.49,35.49,high,low,10,namesilo,,,04/10/2026 10:17
33fb8a34-b9ca-4298-b47c-ef52573152d1,dickens.ink,available,1.75,26.08,high,low,7,spaceship,,,29/09/2026 08:15
abcfb685-c873-424f-a373-f25921b90e5b,sentences.kitchen,available,8.98,83.98,medium,low,9,namecheap,,,16/09/2026 20:11
8a7c29b9-1245-44fc-a230-52ee9b5322d9,scifi.now,resell,,,high,low,6,,,,05/10/2026 08:10
cf1bd053-9ea9-49f9-8dcc-2e1969731839,arresting.cat,available,18.83,25.04,high,low,9,spaceship,,,06/10/2026 07:16
c74542e9-170b-4561-87d7-bcefe9252606,stocking.rich,available,94.99,1999,high,low,8,namesilo,,,29/09/2026 14:00
d3f1c4f6-6cf8-486e-986b-aae904f655be,survives.kiwi,available,31.98,35.68,medium,low,8,namecheap,,,29/09/2026 17:53
cdc4082f-c3e0-4e18-add0-771a695ac236,snow.ing,premium,3000.2,3900,high,low,4,unstoppable,,,06/10/2026 19:06
dd9da265-39aa-49cd-8a36-a82fb62793ff,vitalizing.flights,available,23.98,75.98,high,low,10,namecheap,,,23/08/2026 01:35
ef643d70-cfda-4ff7-a1dd-0e23449c7f74,passionately.lat,available,1.24,26.08,high,low,12,spaceship,,,01/10/2026 18:20
73c67dec-2405-498b-9479-83e14bb484c3,emigrate.fund,available,10.55,57.13,high,low,8,spaceship,,,05/10/2026 02:03
ffb008a8-ba64-4953-9f54-3b9c0a441e62,thrust.im,available,4.98,12.98,high,low,6,namecheap,,,25/09/2026 00:11
854c050b-d199-4f75-9790-8e58b94b546c,organize.lgbt,available,11.98,93.98,high,low,8,namecheap,,,23/09/2026 23:13
5a6cc4b6-e5e6-4ac0-83b0-7da051f88f02,instructions.equipment,available,28.99,28.99,high,low,12,namesilo,,,25/09/2026 16:47
97619629-294b-47b7-8f7b-f004c22f4a67,morally.gallery,available,28.99,28.99,medium,low,7,namesilo,,,15/09/2026 15:25
788634a0-6cc1-43ef-95e8-722a48f8f601,worthy.futbol,available,5.57,14.13,high,low,6,dynadot,,,28/09/2026 11:05
8f0d8c23-17db-4d11-8837-6088a4d85d9c,lifelike.plumbing,available,14.99,94.99,high,low,8,name.com,,,23/08/2026 01:41
9a28811e-86cf-42da-a22e-c647fc77f2b2,blazonry.red,available,11.49,23.49,high,low,8,namesilo,,,24/09/2026 05:06
b146ce30-f685-4393-8c4b-a800a9f7b437,radiantly.ong,available,18.98,24.98,medium,low,9,namecheap,,,15/09/2026 22:18
af3cb0d8-79e4-446f-a2f5-8c8f27c279c7,redeemable.clinic,available,11.98,82.98,high,low,10,namecheap,,,11/08/2026 20:14
7a9b23ab-7b04-416b-88a7-830f1da0b5fa,fifa.rich,available,94.99,1999,high,medium,4,namesilo,,,30/09/2026 12:50
cde585d1-7e54-4e52-8dc4-b62b9a221919,restaurateur.ski,available,27.99,64.99,high,low,12,namesilo,,,03/10/2026 02:32
8302bc7d-fd40-44f6-a2e9-827b83e0a079,hashbrowns.pro,available,,,high,high,11,,,,
b47bcc2b-61d4-4717-a848-a9a4b01839bf,credited.hiv,available,184.9,184.9,high,low,8,spaceship,,,01/10/2026 06:00
7f7821a2-9f54-43f1-8220-3f9421edfc43,lipitor.garden,available,2.19,32.49,high,low,7,namesilo,,,21/09/2026 00:35
b159d384-efb6-4dbd-90db-df2a5dbcc4a9,recognition.plumbing,available,8.24,58.19,high,low,11,porkbun,,,02/10/2026 21:11
b43bedcd-20e4-489b-ba95-d58c1332e480,constellation.camp,available,49.88,49.88,high,low,13,spaceship,,,29/09/2026 20:52
e2f9f3c1-4b6b-492a-875f-77267ecee0a8,tights.limited,available,29.18,29.18,high,low,6,spaceship,,,02/10/2026 05:36
cfbd73cf-e7d2-408f-9612-be4384b87de2,physicians.associates,available,18.99,38.99,high,low,10,namesilo,,,30/09/2026 00:16
05fb58e3-30f7-4f6e-b3a0-4d4631f258f2,sophisticated.sale,available,3.6,31.41,high,low,13,porkbun,,,01/10/2026 19:52
4378587f-3d03-47ef-8647-bf2fc51dc8f4,catcher.reise,available,102.98,127.98,high,low,7,namecheap,,,21/09/2026 16:05
8380a330-6704-4436-b489-22a1ad1d879b,janey.click,available,1.8,17.98,high,low,5,namecheap,,,05/10/2026 05:58
81ee2f19-9be9-40bc-96ae-4706dbae9627,purposeful.cv,available,9.99,9.99,high,medium,10,namesilo,,,09/09/2026 06:25
39f2c66e-a1e8-40b5-8df1-4ce05686b2e9,studio.democrat,available,7.25,32.99,high,medium,6,namesilo,,,26/09/2026 00:25
e38072e4-1f3b-41d7-ba22-52efb7503313,vespucci.express,available,16.99,50.99,high,low,8,name.com,,,18/09/2026 21:04
463b7954-16f7-44ae-a4d6-206e1aa08123,legal.rich,available,94.99,1999,high,medium,5,namesilo,,,27/09/2026 06:58
c985d47b-9411-4697-a7b9-13bcf3eeb9bf,safest.gifts,available,36.99,36.99,high,low,6,namesilo,,,20/09/2026 20:39
05fd2fa5-20a4-4be3-9a51-8e064cc30b45,subsidiary.theater,available,65.99,65.99,high,low,10,namesilo,,,05/10/2026 10:25
250181d9-67d9-4b7c-a734-8b7fe0e73053,agile.pics,premium,2660,2660,high,medium,5,namesilo,,,21/09/2026 23:00
c6d06e96-8442-43c6-aaa6-46cecb75f0ae,horses.ski,available,27.99,64.99,medium,low,6,namesilo,,,17/09/2026 09:06
8b30cd97-f2c5-45ec-a529-96d3a2d24e5d,stallion.adult,available,69.98,166.98,high,low,8,namecheap,,,24/09/2026 14:09
00e49865-8345-44ca-84d0-f747eb28a60d,patrons.farm,available,15.99,38.99,medium,low,7,namesilo,,,30/09/2026 14:47
052833d2-f29d-49ea-9e85-1d5dd353e4bc,cells.clothing,available,32.99,32.99,high,low,5,namesilo,,,04/10/2026 10:14
ef7b670c-b41d-43aa-b885-758b7ebfb940,bonds.berlin,available,79.98,89.98,high,low,5,namecheap,,,28/09/2026 04:31
4c67e2ef-8259-4265-889e-0f9f44d17a51,resolve.pub,available,33.08,33.08,high,low,7,dynadot,,,28/09/2026 01:54
d14eca45-014c-4285-9c07-338d50fc18ea,spaciously.lighting,available,22.98,31.98,medium,low,10,namecheap,,,16/09/2026 00:04
8ae639de-cb02-48b2-a91b-ce05653de132,audiovisual.buzz,premium,103.7,51.95,high,low,11,spaceship,,,07/10/2026 01:09
497ba831-4ae0-4393-bc72-e0780ce9efe1,lounge.talk,premium,71.4,71.4,high,low,6,namesilo,,,11/09/2026 08:25
01f779da-7c62-40c6-b85f-e511b184fbe4,polly.dentist,available,51.95,51.95,high,low,5,spaceship,,,28/09/2026 07:34
13a3cbf0-fbe7-4f90-85be-57b85508cef3,reunited.co,resell,,,high,low,8,,,,30/09/2026 08:00
e3229208-be28-44fc-8ea1-f32e4cb75361,originally.inc,premium,2015,2600,high,low,10,namecheap,,,15/09/2026 07:14
b6cdd10d-3e76-41fd-aa30-450aa73c37a8,deeper.bar,available,3.49,54.99,high,low,6,namesilo,,,17/09/2026 12:06
6ace7f34-062f-4d4a-9e6d-c2a44b9edf46,revisit.consulting,available,26.5,,high,low,7,unstoppable,,,02/10/2026 17:16
59ce2a52-3d77-40f2-9ffa-ab8d7ce15ae7,richest.yachts,available,1.99,17.29,medium,low,7,namesilo,,,28/09/2026 12:54
4ab914a5-7975-4032-8df3-67642223492c,sprout.pet,available,6.41,20.9,high,low,6,spaceship,,,02/10/2026 06:29
81140fc7-e937-4197-86b7-a53a71205c8f,gingerbread.yoga,available,32.49,32.49,high,low,11,namesilo,,,03/10/2026 22:49
3d62b267-c28e-49e1-8431-bc5b94f1a132,unexpectedly.dental,available,81.98,100.98,medium,low,12,namecheap,,,29/09/2026 03:10
17edca11-3d15-494c-92a8-66def5c2c3df,hearts.holiday,available,50.2,50.2,high,low,6,cloudflare,,,29/09/2026 22:26
49c9e645-1990-49d4-a710-e1d4ab53205c,newsroom.nyc,available,26.08,26.08,high,low,8,spaceship,,,02/10/2026 16:12
fdbf3d16-5536-4279-8163-0a79a19c1080,opportunity.gay,premium,325,325,high,low,11,namecheap,,,27/09/2026 02:17
33b70c68-a366-4403-9ee6-5d4bf8a0ce7a,airborne.exchange,available,12,38.99,high,low,8,unstoppable,,,05/10/2026 11:55
e04729b8-552f-443d-b0bc-6808f5676b72,afterimage.chat,available,5.98,58.98,high,low,10,namecheap,,,17/09/2026 15:42
28e7e215-e73b-4d0b-8398-b1df0f492e45,relocating.observer,premium,,,medium,low,10,,,,03/10/2026 17:53
39feb96b-55bb-419b-86eb-d438e8f1218a,lifts.lease,available,44.71,44.71,medium,low,5,spaceship,,,29/09/2026 05:05
c564fd6f-5364-4bc7-b38d-8ea00dd812fa,pools.productions,available,6.48,50.98,high,low,5,namecheap,,,16/09/2026 13:57
41dafc18-42e2-4243-969f-ca1a5002ffa6,columnist.ac,available,34.99,47.99,high,low,9,namesilo,,,29/09/2026 11:55
dc2236f9-63e7-40dc-9bf7-b47fb55c3567,papers.associates,available,18.99,38.99,high,low,6,namesilo,,,24/09/2026 23:21
fc05e924-639b-4cf5-9695-45c6add6c995,proportion.golf,available,7.49,64.99,high,low,10,namesilo,,,30/09/2026 07:43
4b662ed3-362a-426a-b235-8dc7dbebb711,fingerprint.computer,available,17.8,31.25,medium,low,11,spaceship,,,07/10/2026 00:48
06b5ca1c-a54e-4120-93d2-39b5cacad7ea,upheld.loan,available,4.18,5.18,medium,low,6,cloudflare,,,01/10/2026 13:41
173bfdd3-7b90-4576-8e54-24396e5dc32d,braveness.limo,available,57.98,68.98,high,low,9,namecheap,,,24/09/2026 08:20
a4d8ea11-f511-4e48-ab01-91de7bc1b644,policeman.new,available,412.2,412.2,high,low,9,spaceship,,,07/10/2026 00:43
63e57de4-6d19-40ae-a71b-ca0366ba900f,usually.beer,available,25.2,25.2,medium,low,7,cloudflare,,,28/09/2026 14:12
8a8e7a5c-3f2d-4f16-9c23-c7a4d850a8c9,hannukah.fish,available,34.2,34.2,medium,low,8,cloudflare,,,29/09/2026 08:07
c66911c9-4a37-4342-b0ae-977edaae183a,aerobic.new,available,488.98,601.98,high,low,7,namecheap,,,21/09/2026 21:01
faafcc59-a236-48e2-b1ec-a7902326d4e1,alfonso.cloud,available,3.49,20.9,high,low,7,spaceship,,,30/09/2026 20:57
f22667c2-aea0-4a62-9c72-988a98752b98,freshwater.sarl,available,5.2,5.2,high,low,10,cloudflare,,,05/10/2026 07:30
7b9a697b-cd97-442b-b3ce-e574089adb06,wool.tickets,available,326.21,388.33,high,low,4,spaceship,,,28/09/2026 10:46
519d6e94-9e21-4444-ab24-dd3d55afd332,selfaware.click,available,1.8,17.98,medium,low,10,namecheap,,,10/09/2026 02:00
9be0b497-c54e-4649-ba0b-2fd541440ca7,icee.gg,available,,,high,medium,4,,,,
d895dd93-7dd9-4922-87dd-53015554285c,cocacola.cyou,premium,384,768,high,high,9,namesilo,,,17/09/2026 07:18
b787463c-62fb-404a-a5ed-5c9467cf9124,formulated.cab,available,23.99,43.99,high,low,10,name.com,,,18/08/2026 12:22
7fb6c7f4-d2a5-47bf-bf19-1bae56430b5f,upvoter.hiv,available,195.99,195.99,high,low,7,namesilo,,,05/10/2026 17:26
f1351319-f916-4319-8175-57045dbec4b2,decorating.limo,available,42.2,42.2,high,low,10,cloudflare,,,30/09/2026 04:09
9bb399e8-3e49-4b6c-93af-85b5b6c59a3d,daily.phd,premium,843.7,843.7,high,medium,5,namecheap,,,24/09/2026 04:21
294150ca-3b1c-4fac-8839-f21c01f4df93,kiribatian.online,available,,,high,high,10,,,,
8ebfe4c4-e3dd-4b7f-8fce-b4afcfcbc0ed,develop.coupons,available,2.57,43.77,high,low,7,porkbun,,,30/09/2026 13:46
72c3f6cb-c341-4b6b-be8d-8c61a2f4b72f,meticulous.homes,available,1.8,19.98,high,low,10,namecheap,,,24/08/2026 22:04
e1aafa89-ffca-4335-9b29-7ecb1470512f,pinocchio.army,available,30.2,30.2,high,low,9,cloudflare,,,03/10/2026 13:43
00a2da91-aa97-4219-be26-d9a1325c7429,rental.bid,premium,3250,130,high,low,6,namecheap,,,09/09/2026 14:17
6e02cec3-3854-4c90-9687-c7d35b9d085b,sunglass.lighting,available,23.99,23.99,high,low,8,namesilo,,,30/09/2026 12:22
6f5aa522-aeaf-4bda-9eb9-5167d047d8e1,happiness.law,available,105.98,130.98,high,low,9,namecheap,,,29/09/2026 22:08
e16232ad-5532-4d91-ba21-354aea6cb1e5,lingerie.vegas,available,18.99,43.99,high,low,8,namesilo,,,02/10/2026 05:26
7fd4e601-d601-475b-a944-b32b5efa7ae3,interfaith.lol,available,1.8,40.98,high,low,10,namecheap,,,22/08/2026 08:02
cf38ebaa-e937-4061-8c6b-b1b3adc4fd54,windmill.pub,available,32.29,32.29,high,low,9,spaceship,,,03/10/2026 07:46
45057458-ca7e-4bb2-86ed-3147a2d95c1a,bashful.viajes,available,35.18,35.18,high,low,7,spaceship,,,07/10/2026 01:40
ad024c39-bed9-4813-b4ea-1f5ccff26e49,rosamund.talk,available,41.98,46.98,high,low,8,namecheap,,,05/10/2026 18:20
8ba863ba-2ee9-47d7-b084-47be399ff66d,firm.eu,resell,,,high,low,4,"Name: Dynadot, LLC Website: https://www.dynadot.com/domain/eu.html",,,04/10/2026 13:49
6a48c7ac-d17d-481a-9987-5b52af3733be,dazzlingly.games,available,11.98,42.98,medium,low,10,namecheap,,,14/09/2026 10:58
398358f4-1887-4ce0-8527-1a2a6653575b,swank.ac,available,28.98,76.98,high,low,5,namecheap,,,12/08/2026 04:51
4a18c7fc-6e59-4e18-897b-07382a44d95a,macintosh.club,premium,29.5,17.7,high,low,9,namesilo,,,01/10/2026 02:55
55011bc1-ef09-4027-b767-366bcf8d8e28,emphatic.direct,available,14.98,53.98,high,low,8,namecheap,,,16/08/2026 16:45
206b7260-177e-464a-8bc5-94cda78425e2,revenue.gift,available,16.91,16.91,high,low,7,dynadot,,,30/09/2026 09:15
172a3662-8b7b-48b5-833f-90125cfc9c68,flower.surgery,available,67.49,71.99,high,low,6,name.com,,,24/09/2026 20:16
c05925c4-6432-45de-9d6e-3076ec1ffb57,mandela.holdings,available,53.72,53.72,high,low,7,dynadot,,,28/09/2026 14:49
3c0f2931-ace1-4fc9-88f8-22022d153820,muppets.webcam,premium,362.45,51.95,medium,low,7,spaceship,,,07/10/2026 03:15
5f682b0d-4031-4ee2-9a3b-5a10633d20c6,chivalric.gift,available,14.99,14.99,high,low,9,namesilo,,,12/08/2026 06:09
1a8451fa-7267-4b5e-ab10-1f1f646c287b,intune.cash,available,4.98,50.98,high,low,7,namecheap,,,17/09/2026 12:54
48084faf-f3ba-446e-a97f-5efed4198b5b,funky.place,available,22.49,22.49,high,low,5,namesilo,,,18/08/2026 02:27
de9cf377-ec75-4b4e-9c14-a26685ee1937,goddesses.cash,available,30.2,30.2,medium,low,9,cloudflare,,,03/10/2026 18:36
bb95f705-5b27-4da0-b882-83fd335f248f,deskfast.xyz,available,,,high,high,8,,,,
f937dc2c-1712-4969-ae97-d59d6d84a9e2,evolve.best,resell,,,high,medium,6,Dynadot Inc,20/02/2026 00:04,20/02/2027 23:59,30/09/2026 19:18
bc87b610-1e6e-4088-988c-85f0ba17d1c8,terzetto.black,available,27.99,64.99,medium,low,8,namesilo,,,04/10/2026 16:24
5220827b-75f6-40ad-a41d-4c0717b261ab,whiten.horse,available,25.2,25.2,medium,low,6,cloudflare,,,28/09/2026 10:28
c7616203-d98c-4005-8949-118b4bb1ee44,lama.food,premium,,,high,low,4,,,,04/10/2026 11:56
bb308de0-74ff-47d4-80ed-367084a4fc9f,nyc.soy,premium,309.67,309.67,high,medium,3,spaceship,,,02/10/2026 08:36
4713ff0e-571e-432c-9c1d-5eeae1780bd7,broadway.autos,available,1.8,21.98,high,low,8,namecheap,,,24/09/2026 10:38
e4c948ac-ecb2-4962-ad90-3570779c1c4a,cerulean.toys,available,13.14,51.95,high,low,8,spaceship,,,06/10/2026 18:53
51b00865-4b71-41f6-8b77-ec5df117cbe1,plum.zip,premium,73.75,73.75,high,medium,4,name.com,,,12/08/2026 10:07
1bf20e67-e270-4e78-ae06-96a0c4e4e42b,eyrie.kiwi,available,21.34,21.34,high,low,5,dynadot,,,05/10/2026 08:09
7ef5a28b-b5f6-436c-9e46-f7cad236a133,francisca.observer,premium,10.55,10.55,high,low,9,spaceship,,,02/10/2026 06:32
f7c4a8bd-024e-4b2a-bddd-8bca15317e1b,ageless.surgery,available,43.67,43.67,high,low,7,spaceship,,,05/10/2026 10:05
76f0084b-1e6d-4c46-880b-24dfa80b86c9,forecasting.games,available,26.2,26.2,high,low,11,cloudflare,,,02/10/2026 18:29
a68a689f-e4b4-4948-80a8-020f5487ef12,dna.tours,resell,,,high,medium,3,Dynadot Inc,22/01/2026 17:01,22/01/2027 17:01,29/09/2026 14:01
e68b0b03-b382-4d18-b757-da1115e58dc5,tensors.parts,available,9.52,33.32,medium,low,7,spaceship,,,03/10/2026 18:42
a556e456-dbab-4f3d-9887-0a8139af9f92,businesswoman.theatre,available,465.95,500.18,high,low,13,spaceship,,,06/10/2026 10:08
3228d5ef-7bba-4cad-afd4-1a2ceb6cb814,crucially.vin,available,6.98,75.98,medium,low,9,namecheap,,,14/09/2026 09:50
fe41f07b-ec70-42c5-9edf-7507d56835f8,refuge.gives,available,7.48,37.98,high,low,6,namecheap,,,20/09/2026 18:32
2ca15b65-cd01-4d1c-91f0-d4bdc8fc08e6,prairies.college,available,1.18,51.95,medium,low,8,spaceship,,,07/10/2026 01:28
7dcfa5a9-10c6-4573-9298-909902999512,uplifted.services,available,5.48,51.98,high,low,8,namecheap,,,12/09/2026 23:11
01f52f03-0b08-4b62-9db7-ba2cc0ea1867,upgrade.loan,premium,1300,130,high,low,7,namecheap,,,16/09/2026 22:42
1c8b7831-9287-436e-bb94-f2d08747fabf,comeback.pub,available,32.29,32.29,high,low,8,spaceship,,,04/10/2026 18:38
36130e1a-0881-4a5b-8194-4eeac4d56dc1,badge.zone,resell,,,high,low,5,"Sav.com, LLC - 24",27/09/2025 15:15,27/09/2027 15:15,04/10/2026 11:07
f60d28a1-8d19-46df-a7b6-1d89d361aad4,ornament.download,premium,448,53.92,high,low,8,namesilo,,,30/09/2026 09:20
3edb22ba-f2a4-4a6e-8a76-408666ba0217,roomie.loan,premium,455,65,high,medium,6,namecheap,,,09/09/2026 18:35
cba9c9d8-0581-4324-b832-074a99bdc077,canadians.reise,available,27.89,97.99,medium,low,9,namesilo,,,29/09/2026 17:32
20c3864e-8f8e-42b5-8088-395284d54e40,enraptured.lol,available,1.8,40.98,medium,low,10,namecheap,,,14/08/2026 23:46
2d4b4285-d278-43fd-baa0-13cbe3d327e1,obtain.direct,available,32.2,32.2,high,low,6,cloudflare,,,30/09/2026 21:13
65742f68-65d8-42af-a248-59cf091f30ea,roxie.zone,available,7.96,31.25,high,low,5,spaceship,,,07/10/2026 00:30
a0cedf41-f4a0-4d9f-aeed-bccb82c62ddf,multipurpose.coach,available,10.92,70.84,medium,low,13,dynadot,,,06/10/2026 13:58
ce3559a1-c160-4ad4-a76d-01f5559e9a0c,following.apartments,available,19.99,83.99,high,low,9,name.com,,,18/08/2026 10:22
96a554aa-05e7-472c-888a-a668ee3ca10f,depository.deal,available,38.99,38.99,high,low,10,namesilo,,,24/09/2026 21:58
e404731e-17b7-4add-a25c-892d130edd53,planned.download,available,5.25,6.25,high,low,7,namesilo,,,21/09/2026 22:06
2a8eb193-7b3f-4e5d-b810-a1b0ba072b9f,wideband.furniture,available,23.98,127.98,high,low,8,namecheap,,,13/09/2026 11:50
9017c8cb-6e78-4feb-ab55-5f245ad2630e,heralded.phd,available,25.98,29.98,medium,low,8,namecheap,,,21/08/2026 06:51
a196b63a-0783-4e7a-be02-b6ba7c6b3273,princely.auction,available,4.99,52.99,high,low,8,name.com,,,14/08/2026 01:00
b34ae4c8-e086-4c33-bf55-5c89a4f2eeac,helpfulness.tv,available,25,25,medium,low,11,cloudflare,,,05/10/2026 21:39
ba85aa6c-c05f-4058-87a1-7047b53684da,respectable.works,available,3.31,31.25,high,low,11,spaceship,,,28/09/2026 11:23
4e20f1c2-63db-4519-90e2-92727608b0d1,scored.futbol,available,5.66,13.9,high,low,6,porkbun,,,27/09/2026 23:20
6c6cbbaa-104e-4eb3-b6ac-82ef3922717b,rapping.events,available,9.85,37.67,high,low,7,dynadot,,,03/10/2026 03:01
562fb27f-8059-4485-b09c-3e577f501b4b,stunner.biz,premium,29.5,21.24,high,low,7,namesilo,,,22/08/2026 16:40
69121afe-31d3-4dc9-a994-2001915e8be5,planters.organic,available,17.99,85.99,high,low,8,namesilo,,,04/10/2026 10:08
8b6546de-de48-4b5d-ac18-da25d02723ad,cottages.coach,available,17.99,77.99,medium,low,8,namesilo,,,02/10/2026 02:58
766fd0f4-6efa-4350-a1a7-d4cdd893e9d9,flaxseed.money,available,16.99,35.99,high,low,9,namesilo,,,16/09/2026 10:28
a589232a-a444-4a5c-937a-06b2fb8e65d0,finish.racing,premium,116,116,high,low,6,namesilo,,,08/09/2026 15:33
a54cb3e4-b029-4267-ba90-8f3d9232dd6a,satisfactory.gratis,available,24.98,31.98,high,low,12,namecheap,,,01/10/2026 10:29
a9d00216-7b36-4077-b021-7edc9a5c1983,velvety.rsvp,available,12.98,16.98,high,low,7,namecheap,,,13/09/2026 02:00
a8f47b35-bbab-45d3-a21d-0f19069100f7,sharpness.company,available,20.99,20.99,medium,low,9,namesilo,,,24/09/2026 23:08
f5a47079-5290-4691-87ce-ca344d7e6a6e,paternal.cv,available,7.98,7.98,high,low,8,spaceship,,,05/10/2026 11:01
6d40e399-0807-4990-a12a-09bd91b4d907,swordfish.top,premium,49.14,49.14,high,low,9,namesilo,,,02/10/2026 06:32
1e23aa80-4aba-4cf1-8daa-e3ee8c8eece0,sundays.style,available,16.99,38.99,high,low,7,namesilo,,,18/09/2026 10:50
ab2d79e2-47b5-45e1-8103-1aaa9b1c2c0f,megabucks.ventures,available,5.98,75.98,high,low,9,namecheap,,,23/09/2026 14:11
a0ae4b63-c5d7-4cc2-95c3-e959cd6897a7,trustful.io,resell,,,high,low,8,Dynadot Inc,03/07/2015 20:36,03/07/2027 20:36,26/09/2026 09:47
d418321f-e7b5-46bd-b386-2ed2d340d99a,sharpen.my,available,2.28,25.88,high,low,7,spaceship,,,03/10/2026 02:36
ff00e065-6223-4456-9338-0617aff4855b,orally.cv,premium,87.75,9.75,medium,low,6,namecheap,,,15/09/2026 18:11
6bb1851b-83bd-4847-a825-e9e1fbe7bd5e,necklace.sarl,available,5.66,5.66,high,low,8,porkbun,,,27/09/2026 14:59
7221c490-8be8-47cf-9c2a-ffc6739efea7,economy.bot,resell,,,high,low,7,"Dynadot, LLC",16/02/2025 16:55,16/02/2027 16:55,26/09/2026 05:45
eb9ca39d-7be3-453e-a821-e41fd1af88d7,eyeshadow.moe,available,14.98,17.88,high,low,10,namecheap,,,04/10/2026 14:47
5fe609a0-84a1-4f66-abfb-249275b91160,fawn.computer,available,22.5,,high,low,4,unstoppable,,,02/10/2026 15:10
7c1e8424-1e17-4fad-a615-27fa196aad1b,enriched.exposed,available,22.49,22.49,medium,low,8,namesilo,,,02/10/2026 22:01
b240ec8b-ea29-4856-9003-e7643099dcda,cares.download,premium,455,65,medium,low,5,namecheap,,,27/09/2026 02:10
1bf2569a-42b6-433c-b7b3-6ee3db8aa763,establishing.study,premium,51.95,51.95,high,low,12,spaceship,,,29/09/2026 21:01
d9581096-b0b8-47b2-a36c-56799cdf7dd2,jayson.condos,available,46.78,46.78,medium,low,6,spaceship,,,06/10/2026 08:12
5b87ac43-e6da-4546-8f55-de96ad95d286,anytime.uno,premium,258.95,258.95,medium,low,7,spaceship,,,06/10/2026 09:45
625691e7-07fd-403f-8775-3a2923b16bed,capabilities.plus,available,15.99,53.99,medium,low,12,namesilo,,,29/09/2026 11:06
f29565e5-50eb-467f-bd6b-915679fb5fe7,cassini.land,available,8.78,34.46,high,low,7,dynadot,,,02/10/2026 20:31
df764fed-948e-4cb8-9906-9b73d5f90af2,universities.sarl,available,5.38,5.38,medium,low,12,spaceship,,,28/09/2026 08:47
8cad0751-9258-4cd7-ba63-01ca7a6e0e46,pls.christmas,available,34.99,34.99,high,low,3,namesilo,,,04/10/2026 12:12
c6576e0e-12c9-4895-855c-293c36240915,renovation.business,premium,14.3,16.27,high,low,10,dynadot,,,05/10/2026 16:05
e53df34d-3814-4aed-b188-c2224df13881,abbie.review,available,10.53,10.53,high,low,5,spaceship,,,02/10/2026 00:07
1655e44b-78f3-4014-b300-1e64d4b71807,limelight.directory,available,4.5,22.69,high,low,9,dynadot,,,03/10/2026 19:14
878b179c-e8ad-430b-a37d-a8d443c48440,expertly.apartments,available,57.99,57.99,high,low,8,namesilo,,,14/09/2026 17:05
fdca159e-fe43-4f29-b553-322a28b796e1,tastefully.legal,available,71.99,71.99,medium,low,10,namesilo,,,16/09/2026 07:59
043a285a-50ba-4cad-8281-8f364b2768e5,righteousness.immo,available,27.2,27.2,medium,low,13,cloudflare,,,30/09/2026 06:14
b7633fd4-bed2-439d-893a-4f0322cceb75,arranging.limited,available,36.99,36.99,high,low,9,namesilo,,,20/09/2026 08:47
ff6d96b3-6cc6-4bc8-8c3a-351a27626250,teachers.party,available,5.98,9.98,high,low,8,namecheap,,,18/09/2026 18:31
a997ccda-895e-4ff2-b997-8aba5201e8ab,zoom.college,available,10.3,52.01,high,medium,4,porkbun,,,28/09/2026 15:12
0d8438f5-b29a-4c63-8ba6-ad5bacad25a4,heartbeat.properties,available,18,50.99,high,low,9,unstoppable,,,05/10/2026 20:52
aa163237-1302-4e56-bf7d-aebf69980519,dumplings.ag,available,89.99,79.99,high,low,9,namesilo,,,04/10/2026 23:15
1f6cb8ff-2558-4918-837d-e45f1c01fb63,unrestricted.audio,available,103.5,103.5,high,low,12,porkbun,,,02/10/2026 18:09
75763aaa-791b-41eb-b2bd-bb801ffa1c4c,bamboo.talk,available,38.99,38.99,high,medium,6,namesilo,,,22/09/2026 00:40
d31526fe-57f1-4d14-8ec8-0a683772efa2,stockings.company,available,20.99,20.99,medium,low,9,namesilo,,,17/09/2026 08:14
ef75334c-61cb-4c84-8e74-f7c2d347110f,cincinnati.study,premium,55.11,55.11,high,low,10,porkbun,,,29/09/2026 09:12
dc9eac30-2265-4090-858a-dec142bb384b,reminiscent.media,available,11.99,44.99,high,low,11,namesilo,,,30/09/2026 11:29
e5e5f534-6ae5-4db4-9f92-0460fdc9fe53,reporter.vodka,available,32.49,32.49,high,low,8,namesilo,,,25/09/2026 09:33
6e1df42b-0974-4f84-8024-58b4b6a3268d,citizenship.rsvp,available,12.98,16.98,high,low,11,namecheap,,,03/10/2026 12:00
cc40af96-b8c6-44ab-8287-a734598396c9,smitten.life,available,2.98,46.48,high,low,7,namecheap,,,16/08/2026 21:16
64c8cf8b-7670-4b62-938d-a708ea1d0a2d,redevelopment.poker,available,10.99,67.99,medium,low,13,namesilo,,,05/10/2026 17:02
98b608ff-561a-4116-b756-cfdb9351f50f,hilarious.realty,available,99.8,456.98,high,low,9,namecheap,,,21/08/2026 09:21
1748cd2f-882f-4e3f-9ba6-06e22556a94a,persistence.style,available,16.99,38.99,high,low,11,namesilo,,,03/10/2026 23:51
4c5ee412-8fe1-4e96-a496-8e40b938b44f,branded.cars,available,2140.22,2140.22,high,low,7,dynadot,,,05/10/2026 11:40
b506786c-493b-45e5-b4fc-2b3eb8769175,allies.express,available,9,31.25,high,low,6,spaceship,,,28/09/2026 20:34
d3367475-f308-4f2f-a698-89138a1e0273,baguette.earth,available,18.99,18.99,high,low,8,namesilo,,,29/09/2026 00:33
463f0c0f-362e-4586-9ef5-11184aa20012,gregorio.gmbh,available,47.98,56.98,high,low,8,namecheap,,,02/10/2026 13:29
5413b7d2-f296-4b75-9bb0-eb5bd8d987cf,serving.movie,available,69.99,436.99,high,low,7,name.com,,,25/09/2026 23:06
eec78fc6-f657-4895-9e9a-10706c991cfd,adi.diet,available,104.99,114.99,high,low,3,namesilo,,,28/09/2026 16:16
312f8861-79fc-41c9-9ce7-fc7c9c567f79,gopala.site,available,,,high,high,6,,,,
2c6d37bf-e0e4-4feb-aeaf-0977d084ab28,granola.ceo,available,85.2,70.2,high,low,7,cloudflare,,,29/09/2026 21:28
415dec1e-0eb1-410c-b176-c7e51120025d,moonlight.events,resell,,,high,low,9,"Sav.com, LLC - 24",21/06/2026 15:15,21/06/2027 15:15,30/09/2026 05:14
1bc9c2e6-ed6b-461e-98f8-366aee2a6380,spaceflight.at,available,11.99,11.99,high,low,12,namesilo,,,03/10/2026 07:13
2b2d2627-0d84-45be-bed9-4597d7cb80d2,amusingly.team,available,2.98,46.48,medium,low,9,namecheap,,,13/09/2026 19:40
a4244c71-934b-4d5a-bd00-d1f7846a5e26,booklover.inc,available,498,2798,high,low,9,namecheap,,,23/09/2026 12:51
5d80e47d-9ba4-4e4e-96eb-d6d045932ff2,mellowly.inc,available,279,2099,medium,low,8,namesilo,,,24/08/2026 19:31
caf1bad4-a8da-4c43-937b-c0bdb3290cf6,biota.vegas,available,19.98,64.98,high,low,5,namecheap,,,23/09/2026 19:05
3e9fea98-7eac-4236-a1d1-bd81b98850cd,swiftly.theater,available,51.95,51.95,high,low,7,spaceship,,,28/09/2026 14:53
47736e25-27b6-419c-8cbe-d2161547d59c,romano.catering,available,38.99,38.99,high,low,6,namesilo,,,29/09/2026 10:38
5409d2ed-477d-4ae9-8d01-b506d6708f92,facilitation.prof,available,25.98,29.38,high,low,12,namecheap,,,17/09/2026 01:02
bf803dd2-b9c7-4aeb-afed-77bd8a0e2863,translate.financial,available,45.2,45.2,high,low,9,cloudflare,,,28/09/2026 06:59
96c4daac-5f1d-466b-a57f-f26317a1835d,ultrasonic.men,premium,437.5,62.5,high,low,10,name.com,,,11/09/2026 22:51
1e5958f4-dabc-4e51-b455-7a585b4346e2,parents.hot,premium,103.7,103.7,high,low,7,spaceship,,,02/10/2026 15:26
05d73647-4adc-41d0-9098-037d95ee03f7,investigating.poker,available,10.99,67.99,high,low,13,namesilo,,,27/09/2026 09:46
48db8cdb-6d6f-4ec3-b14b-baf9decc6020,feisty.tube,premium,23.6,23.6,high,low,6,namesilo,,,18/08/2026 00:45
4923f987-9b3d-4f0f-bb58-4211ceb92e83,mustang.racing,premium,517.7,258.95,high,medium,7,spaceship,,,28/09/2026 19:57
3db16b73-c8b1-4db1-ab2e-035ab9307dde,magnetized.blackfriday,available,114.99,114.99,medium,low,10,namesilo,,,24/08/2026 13:04
24fb79f8-8ea4-43a4-bec8-5e5952a3d5bf,paternity.ngo,available,18.98,24.98,high,low,9,namecheap,,,01/10/2026 02:01
2f2a98b7-1866-434c-a5e1-ff83271a0307,atmospheric.uno,available,4.63,21.11,high,low,11,porkbun,,,29/09/2026 21:02
3180fc7d-7d65-4886-a476-cd21beef60ff,revolutionize.law,available,95.99,95.99,high,low,13,namesilo,,,06/10/2026 04:04
e4ed1b38-17ed-4c22-820a-2708a74322d6,tigers.boats,available,1.54,14.21,high,medium,6,porkbun,,,28/09/2026 10:15
4a6a93f4-2408-492a-863d-ef78fe74c88d,articulate.games,available,33.99,33.99,high,low,10,namesilo,,,22/09/2026 08:42
3013dbfb-5f7c-4634-8440-c0ffe5411419,soundboard.cars,available,1863.2,2064.2,high,low,10,spaceship,,,06/10/2026 02:46
cbd094c4-71df-4776-826c-97783c39538f,chorus.mov,premium,61.27,61.27,high,low,6,spaceship,,,29/09/2026 08:55
a5ba497b-d6b3-499b-ae6c-eb31410e3882,countless.wiki,available,2.99,32.49,high,low,9,namesilo,,,24/09/2026 00:28
170ddd0f-c1b8-4a8d-b83d-eda8fbeef96f,improving.channel,available,12.98,16.48,high,low,9,namecheap,,,21/08/2026 23:17
c3393551-c956-4aa6-b242-07d5c3cb4ba9,tampon.bike,available,5.38,31.25,high,low,6,spaceship,,,06/10/2026 17:22
d9de61ab-efc9-44a2-8363-ad122d997ba0,slogans.markets,available,7,,medium,low,7,unstoppable,,,02/10/2026 22:51
a72db7a4-4c94-4237-a94d-598b213d45db,mutually.world,available,2.98,52.98,medium,low,8,namecheap,,,15/09/2026 15:56
0d7967ca-fc1d-4eda-8123-915a0bf0709a,berry.shop,premium,650,650,high,low,5,namecheap,,,23/09/2026 10:10
8bed22e8-1878-4856-bdac-5117fd234628,esthetics.fit,available,2.98,45.98,high,low,9,namecheap,,,17/09/2026 13:38
c05d46b6-5461-48cf-ad49-2c28614198be,cosmetics.tienda,available,47.81,47.81,high,low,9,spaceship,,,29/09/2026 04:53
44ee3bc8-468d-4166-a24d-52ceb97b6841,brits.tienda,available,9.99,77.99,medium,low,5,name.com,,,11/08/2026 04:46
22f288cd-deea-4992-be0a-0e28d464e77d,chiefly.fishing,available,32.49,32.49,high,low,7,namesilo,,,25/09/2026 05:59
c5a93fa8-e1de-4aa5-8212-217b1c6ae6a5,offbroadway.cool,available,9.49,44.99,high,low,12,namesilo,,,03/10/2026 13:09
1010a584-5ecb-47ee-bf14-68e21492a48b,shimmery.top,available,1.88,4.88,high,medium,8,namesilo,,,10/09/2026 06:30
a9bc2835-de93-4880-9c21-e47ecab8520b,arcades.watch,available,2.79,35.39,medium,low,7,spaceship,,,07/10/2026 03:51
1488f973-5631-4de1-a380-95018a005fdb,grocer.xxx,available,69.98,154.98,high,low,6,namecheap,,,03/10/2026 11:07
225a7cc4-2625-4ed6-a142-f788bb7c2acc,spartacus.engineer,available,31.25,31.25,high,low,9,spaceship,,,02/10/2026 13:55
a1b980ca-e2eb-46e1-aabe-dad3797f2352,avenger.surgery,available,54.99,54.99,high,low,7,namesilo,,,21/09/2026 08:56
cc74fa89-9f47-4bc4-8cd1-7321eaa91bfe,finis.menu,available,27.99,27.99,high,low,5,namesilo,,,12/08/2026 12:06
aefdfec6-c25c-421f-b4e2-5f59b50a8e5a,unsparing.events,available,10.48,57.98,medium,low,9,namecheap,,,22/08/2026 21:11
e75d3a7c-8895-4693-b731-0cb2474d2604,legible.network,available,6.48,46.98,high,low,7,namecheap,,,22/08/2026 22:59
89fb80e6-2d73-4be1-8efe-9b697d9f7ba2,yeast.mov,premium,76.7,76.7,high,low,5,namecheap,,,22/09/2026 06:34
cbc99728-edbe-428d-8bab-7fc1fe90af2b,invitations.london,available,28.05,28.05,medium,low,11,dynadot,,,29/09/2026 11:30
e642d704-858f-424b-b297-54a0c41c77dd,devise.salon,available,57.99,57.99,high,low,6,namesilo,,,29/09/2026 14:42
b8b52ae2-2723-44f4-a13f-cd333bbaf0e5,nhs.srl,available,28.04,28.04,high,low,3,dynadot,,,28/09/2026 07:40
830de70f-5526-42a0-b1d6-2cc5392a0393,vividly.adult,available,69.98,166.98,high,low,7,namecheap,,,16/09/2026 11:06
afcf2765-cecb-430c-b5c4-b1853fc1aa37,arboreous.ski,available,21.62,60.14,medium,low,9,dynadot,,,06/10/2026 04:20
947330a4-72bf-415b-8c30-074701026b78,dedicated.city,available,7.25,28.49,high,low,9,namesilo,,,23/09/2026 20:41
60a6d923-8bb4-433e-a995-947aebb333b6,personally.ltda,available,30.18,30.18,medium,low,10,dynadot,,,28/09/2026 15:35
5faffb68-73d4-4c4e-a1a3-6eb2a2e1989b,jay.immo,available,27.2,27.2,high,low,3,cloudflare,,,30/09/2026 00:45
365dcb17-8418-4adf-b991-e04c70fe5818,rembrandt.phd,available,27,,high,low,9,unstoppable,,,28/09/2026 15:14
3f209a00-601b-4f43-bc05-795e3c361a87,farmgirls.me,available,,,medium,low,9,,,,
6ca822d0-d248-46b4-bf9b-605988f5674e,texted.cloud,available,5.29,25.99,medium,low,6,namesilo,,,20/09/2026 17:16
05242dfd-3268-45f5-bdae-62ecfc86f4e3,billfold.dental,available,78.99,78.99,high,low,8,namesilo,,,23/09/2026 16:16
1a575848-5044-4c5b-8fc7-ad1a741376fe,chatty.berlin,available,79.98,89.98,high,low,6,namecheap,,,12/08/2026 03:17
3f835429-74c7-43a8-af43-d46178c16f08,topping.credit,available,9.48,131.98,high,low,7,namecheap,,,11/09/2026 17:36
4e07224e-3990-4353-89f0-9276498fb1d6,notaries.gift,available,16.58,16.58,medium,low,8,porkbun,,,02/10/2026 03:21
d7987c3f-f702-4cb6-a423-a91732c1d8af,newcomer.prof,available,25.98,29.38,high,low,8,namecheap,,,18/08/2026 07:31
011ea14f-138a-4b9a-bc36-00b8057cb2b9,enjoyment.us,resell,,,high,low,9,Dynadot Inc,19/04/2024 06:34,19/04/2028 06:34,04/10/2026 19:11
a75d19c8-3aa8-4667-b42d-f7697b01cca4,newlyweds.delivery,available,6.5,,high,low,9,unstoppable,,,05/10/2026 09:44
0333fc0e-d804-405e-ab02-986839409b90,sparky.boo,available,14,,high,low,6,unstoppable,,,04/10/2026 14:42
db32cc64-f652-452f-97f2-75eb7b94e055,innately.ventures,available,5.98,75.98,medium,low,8,namecheap,,,15/09/2026 08:27
903af7c6-88a0-40e0-b9ad-f7b4e5880c79,classrooms.archi,available,18.5,,high,low,10,unstoppable,,,01/10/2026 18:38
44a10af8-65a4-4295-af17-7a810c25ab1e,divers.solar,available,64.99,64.99,high,low,6,namesilo,,,01/10/2026 09:26
aa0201b3-53f2-4167-8cec-b577ae7483f9,phineas.hospital,available,57.99,57.99,high,low,7,namesilo,,,30/09/2026 05:12
a429678c-77fd-4882-8c04-f5e74ac17fc7,paints.rodeo,available,10.2,10.2,medium,low,6,cloudflare,,,29/09/2026 05:51
568056af-fe10-488c-8ec4-48f8b94849dc,fountain.cv,premium,525.26,7.76,high,low,8,spaceship,,,27/09/2026 13:35
93c74dd3-a4b0-4cc4-b822-56a9f8818859,convergent.dance,available,10.48,36.98,high,low,10,namecheap,,,12/08/2026 23:50
fdae2abd-fda2-419f-b3be-df861f22168f,tremendously.wtf,available,2.27,29.18,medium,low,12,spaceship,,,30/09/2026 19:57
fd8c74cb-7847-4363-a649-186af00f7d59,give.diy,premium,875,,high,low,4,name.com,,,06/10/2026 07:46
4e80b3e9-230f-4ce7-8a4d-d8b01a3266a8,appearing.casa,available,1.98,17.98,high,low,9,namecheap,,,19/09/2026 20:25
9de3d5b4-bf65-4897-8916-2e0b8cf404c1,cloudless.careers,available,28.98,89.98,high,low,9,namecheap,,,12/08/2026 12:32
3dd8ce32-ef64-465d-adcf-08dca453cdc2,congregation.racing,available,12.98,16.98,high,low,12,namecheap,,,03/10/2026 02:59
0c48a437-7710-4d83-a95c-e0889eaec122,pashes.io,available,,,medium,low,6,,,,
992d4dd3-0626-46ba-9b2a-069699987d84,fundamentally.sbs,available,0.97,15.73,medium,low,13,spaceship,,,29/09/2026 20:57
fdac97ab-b683-49be-82a8-c8c1623a5f3f,society.florist,available,8.24,26.97,high,low,7,dynadot,,,29/09/2026 01:43
d2d29150-889b-43a8-aaea-529257cfccad,resonant.rehab,available,14.99,52.99,high,low,8,name.com,,,17/08/2026 15:19
fc25325e-7275-42af-bc93-60008153df67,paintbrush.graphics,available,22.98,31.98,high,low,10,namecheap,,,06/10/2026 16:37
11e0d461-22b0-4437-ac4b-e1e97fdfbf59,talkfest.expert,available,,,high,high,8,,,,
816f464e-8ae3-4802-96c1-79b38ea39ab2,unwavering.club,premium,29.5,17.7,high,low,10,namesilo,,,18/08/2026 05:12
350e7277-c781-4443-8276-d7bf54df8a0a,unalarming.kim,available,5.98,32.98,medium,low,10,namecheap,,,12/09/2026 00:14
f8b14085-556b-4ecf-8e27-8ca402793384,jewelry.hiv,available,195.99,195.99,high,low,7,namesilo,,,30/09/2026 00:51
634caba4-195a-4909-8311-fecf40df8d6f,pauses.in,available,5.97,5.97,medium,low,6,spaceship,,,06/10/2026 11:46
b3079d16-a6ab-45c5-96f4-037fed633ec8,civilizations.top,available,2.99,6.99,medium,low,13,godaddy,,,01/10/2026 01:05
51634d97-ee88-4206-bb34-2811eb06aba3,carnation.recipes,available,5.48,95.98,high,low,9,namecheap,,,11/08/2026 19:26
b4c3dc5d-87f2-41d0-aede-c6ec78ffd0de,knighted.viajes,available,37.99,37.99,medium,low,8,namesilo,,,04/10/2026 06:58
93c116c1-9413-451d-bda7-63a3e5e5e751,helicopter.flowers,available,64.99,114.99,high,low,10,namesilo,,,25/09/2026 05:19
147fc3bd-b1e9-4a2d-aed7-6173a2a2e04f,sousa.giving,available,6.41,22.39,medium,low,5,spaceship,,,28/09/2026 19:33
3012f8b3-87ea-4a40-9c4d-5254070d9d16,halal.cab,available,32.99,32.99,high,low,5,namesilo,,,27/09/2026 06:59
0f625a18-6738-416f-afa4-a94a14ecf813,dramas.cv,premium,80.33,8.85,medium,low,6,namesilo,,,02/10/2026 13:47
5d6cece8-f242-421f-8209-c5685c90d78b,napping.gripe,available,6.98,8.98,high,low,7,namecheap,,,03/09/2026 13:07
ffcf86fd-9631-4ca0-9e8b-bb1eceba357d,scholarly.club,premium,302.5,17.7,high,low,9,namesilo,,,09/09/2026 23:11
b5102e52-5eab-4b72-823b-e3bd17ad416d,tarzan.training,available,7.96,33.32,high,low,6,spaceship,,,29/09/2026 02:18
1f76d92c-f48e-4abd-b7dc-7b5d67cfeb7b,proactive.sydney,available,58,58,high,low,9,namesilo,,,27/09/2026 06:56
73a19d55-8c50-4fc1-a6fc-f783b76f74bb,kristin.tech,premium,500.2,,medium,low,7,unstoppable,,,29/09/2026 03:57
e2e88403-0310-4e02-9e1e-34c777fc7237,tantric.zip,available,12.98,15.88,high,low,7,namecheap,,,11/09/2026 08:05
e2e27a2d-ea13-4088-921d-e0a559c9d43e,amsterdam.poker,resell,,,high,low,9,OpusDNS GmbH,21/04/2015 19:11,21/04/2027 19:11,26/09/2026 03:51
03e1d784-213a-47df-9d76-a69ce62b4182,pulpy.inc,premium,2015,2600,high,medium,5,namecheap,,,09/09/2026 05:57
af2cf19c-4ed0-4b3d-8947-980820a1c25d,madrid.rent,premium,1107,1107,high,low,6,namesilo,,,29/09/2026 06:59
5ed4f442-299a-42fb-ab44-150f939c5f17,ricefield.lighting,available,18.83,18.83,high,low,10,spaceship,,,03/10/2026 12:03
69e92cba-9e39-4095-b0a4-6351b6f20f36,sweetener.press,available,4.98,43.48,high,low,9,namecheap,,,21/09/2026 19:45
667b14ee-903d-4ae9-a759-7ef35718afd8,avon.makeup,premium,2660,2660,high,low,4,namesilo,,,28/09/2026 23:31
1338dc65-fa56-40b8-bf27-1a6a1476fec2,airtight.fast,premium,51.95,51.95,high,low,8,spaceship,,,05/10/2026 11:46
8cb2a51b-785f-4de9-8333-d3d89ee30991,assisted.football,available,10.92,21.62,high,low,8,dynadot,,,03/10/2026 02:34
2b79b74a-d3e5-48b0-b1d4-d939818974e4,chance.srl,available,31.99,31.99,high,low,6,namesilo,,,23/09/2026 13:44
65d3bf90-4697-4fc4-9ca3-1f14c84efdbe,detectable.online,premium,78.12,312.5,high,low,10,name.com,,,14/08/2026 04:42
01b39944-5b03-4224-8c8e-924d0afe5808,worshipping.limo,available,57.98,68.98,high,low,11,namecheap,,,05/10/2026 02:41
5e6b0202-8fca-48b0-b266-f371a7252ff4,incisively.hiphop,available,23.99,23.99,medium,low,10,namesilo,,,15/09/2026 07:42
ea8d7ad8-5400-4012-9b14-f6716af30bef,siddhartha.yachts,available,1.99,17.29,high,low,10,namesilo,,,05/10/2026 10:49
7c73d996-4f95-40ca-9db1-a1354fce5f2c,gourmet.page,premium,165.12,165.12,high,low,7,namesilo,,,24/09/2026 14:33
b262c6d9-d803-4046-b9f1-254100654abb,salvific.nexus,available,12.98,15.98,high,medium,8,namecheap,,,09/09/2026 21:03
99468efe-7241-4f5a-96e5-fda398a3a1fb,spiritous.camera,available,58.99,58.99,medium,low,9,namesilo,,,10/09/2026 16:00
d0c83bf3-e894-40f2-a2d0-6c63044c77ec,cola.market,available,46.98,55.98,high,low,4,namecheap,,,24/09/2026 16:17
1410c2b2-8ddd-4e63-be75-9a230f2b1010,creditably.press,available,4.98,43.48,medium,low,10,namecheap,,,14/09/2026 09:30
7f170c02-3a40-41a4-b024-e81542098b94,psychology.jewelry,available,50.2,50.2,high,low,10,cloudflare,,,30/09/2026 08:50
21a2f478-e9e0-4d96-9224-3d3f8e2eaa2c,crossroads.boats,available,1.99,14.45,high,low,10,dynadot,,,29/09/2026 12:04
a2f0c153-ac16-4c36-aed8-a7d66689d0fd,thames.pictures,available,12.2,12.2,high,low,6,cloudflare,,,01/10/2026 03:33
a56e5602-4669-4eb1-922d-6ab83b39eb09,ballpark.nexus,available,16.99,16.99,high,low,8,name.com,,,19/09/2026 22:25
a27dd700-2a62-46a1-b95a-8cbfc2cb03de,efficiently.church,available,7.45,46.78,medium,low,11,spaceship,,,30/09/2026 12:23
15fbf2d8-2318-4bcf-be0b-1762efdfe5b4,escape.buzz,premium,116,53.92,high,low,6,namesilo,,,24/09/2026 23:22
0e51bf48-3215-4ec0-b102-f7b1f4fa0db1,voted.nyc,available,31.99,31.99,medium,low,5,namesilo,,,17/09/2026 16:50
4a271569-c66b-4c96-888b-d51239b474bd,musically.forum,available,1.8,49.98,high,low,9,namecheap,,,15/09/2026 15:43
53fdba11-c1dc-4fbe-bedc-a00a5bde7926,organiser.makeup,available,1.99,17.29,high,low,9,namesilo,,,20/09/2026 08:46
f8988eb9-ea74-4fad-aeda-f5f1cc3085ee,scholarship.ag,available,82.5,82.5,high,low,11,dynadot,,,06/10/2026 18:19
c238d645-8c6f-4cc9-ac52-427fcf06acb7,kunsthalle.dance,available,9.52,21.94,high,low,10,spaceship,,,06/10/2026 20:00
2a2db9fa-4506-4011-a055-0e41acd708c0,learned.beer,available,1.24,26.08,high,low,7,spaceship,,,04/10/2026 03:39
a0f183e5-5499-45ac-bf12-2170f8983a22,epoch.tax,available,7.96,54.02,high,low,5,spaceship,,,06/10/2026 15:00
91b9e77d-a0df-41af-8741-199f4e7290ff,fairies.financial,available,45.2,45.2,medium,low,7,cloudflare,,,30/09/2026 06:26
10aa6264-10ea-42dc-99cd-55c6e249dd95,hostess.hiphop,available,23.99,23.99,high,low,7,namesilo,,,17/09/2026 22:27
95b7350b-59de-4483-bb8f-46b1592c0b5a,trained.trading,available,16.2,16.2,high,low,7,cloudflare,,,28/09/2026 09:30
86d71ed0-64c1-4c88-8e62-d774b1908c6c,sitcom.spot,available,27,,high,low,6,unstoppable,,,01/10/2026 21:43
658a8c3a-f850-4f81-bd19-8f19b6b43cdd,confidential.ski,available,27.99,64.99,high,low,12,namesilo,,,27/09/2026 17:23
7d1b263d-1bdc-473d-b039-fb273e8ab38d,jillion.diet,available,108.98,159.98,medium,low,7,namecheap,,,11/09/2026 19:52
4c392d11-7123-44cf-b245-a698601bbd89,hold.accountants,available,117.99,117.99,high,low,4,namesilo,,,24/09/2026 23:26
0f75c7e5-d6d7-45d0-8481-d86471a39d42,asana.style,available,16.99,38.99,high,low,5,namesilo,,,20/09/2026 12:49
125e14ce-0f43-4394-814d-d89c7c0e3dc7,invariable.food,available,4.98,48.98,high,low,10,namecheap,,,12/08/2026 22:58
1a269b88-6eb4-4553-9dff-2fdd2b52bdda,promoter.monster,available,1.54,14.21,high,low,8,porkbun,,,29/09/2026 23:36
f4ba9c30-0792-499e-900b-9c7b85349db8,silence.loan,premium,455,65,high,low,7,namecheap,,,26/09/2026 00:17
05dc0a46-c427-42a2-97de-8af982b4660d,manioc.lease,available,56.99,56.99,medium,low,6,namesilo,,,23/09/2026 22:51
672a1aad-b1cf-4c3a-8f88-2bbe238330e0,feathered.how,available,30.98,41.98,high,low,9,namecheap,,,18/08/2026 00:19
1c8a9a52-43f7-492c-99b1-ec7045c441f5,trainor.la,available,27.99,27.99,high,low,7,namesilo,,,03/10/2026 14:13
69895b94-be93-42d6-8f69-843b5b5adcd2,amici.ventures,available,46.2,46.2,high,low,5,cloudflare,,,03/10/2026 18:45
9c9176f2-dfab-40ca-809b-365a9cac6ad2,daddy.website,premium,650,1300,high,low,5,namecheap,,,27/09/2026 04:35
4deda0a9-7381-496b-93bf-723192ea807b,leaders.pics,available,1.99,32.49,high,low,7,namesilo,,,30/09/2026 02:31
5c1ad025-02c2-4c68-9ade-43fb557f1dae,earn.dad,premium,257.92,257.92,high,low,4,spaceship,,,29/09/2026 20:44
66b931e6-5903-4628-aa07-98354c9d3734,walkway.fans,premium,55.11,109.69,high,low,7,porkbun,,,02/10/2026 16:20
58df8f1b-caa3-45f4-9b2e-61144022f7ae,queenly.games,available,11.98,42.98,medium,low,7,namecheap,,,09/09/2026 07:52
db52e407-adf5-4e8d-add2-705e85113116,cashmere.tienda,available,5.66,47.89,high,low,8,porkbun,,,02/10/2026 23:52
eaf38bee-a85d-4887-a79c-56f76e20c1f9,intertwine.at,available,11.99,11.99,high,high,10,namesilo,,,05/10/2026 02:17
21b5bae7-ed35-4b68-a9d1-6ba3636eba0b,notaries.vote,available,20.9,72.65,medium,low,8,spaceship,,,02/10/2026 03:21
1b98ae70-44cf-45f0-94a3-e99b02868838,volcano.lease,available,56.99,56.99,high,low,7,namesilo,,,30/09/2026 14:35
2d92631c-8535-4ff2-91b8-404f13cf793f,assists.sydney,available,58,58,medium,low,7,namesilo,,,02/10/2026 22:45
246a63d9-a77a-43c0-adae-bdbe3946a23a,savings.sucks,available,278.98,298,high,low,7,namecheap,,,05/10/2026 12:15
8b73ebb5-57ed-4a46-8c97-721b7de4fcc8,returning.download,premium,448,53.92,high,low,9,namesilo,,,27/09/2026 13:35
c6c8a05c-b9f7-4440-ae9f-c4a63f716624,riding.juegos,available,309.47,309.47,high,low,6,porkbun,,,29/09/2026 18:18
5fb222a3-eede-48f1-a507-836470363d5a,bowie.sex,available,51.95,98.53,high,low,5,spaceship,,,03/10/2026 19:05
2b7c13fc-9f63-4526-8d3b-f6d7c49a17a4,flavorous.racing,available,11.99,11.99,medium,low,9,namesilo,,,18/08/2026 07:08
91edac5e-1f4e-4a92-a888-b07c2cc1f842,brew.flowers,available,107.22,107.22,high,low,4,dynadot,,,29/09/2026 11:47
054c03ba-8afd-4e68-91b6-079bfc31f56d,earner.supplies,available,19.2,19.2,high,low,6,cloudflare,,,06/10/2026 00:49
3bf71571-e985-47fc-b8de-726c91179594,antiseptic.design,available,58.49,58.49,high,low,10,namesilo,,,22/09/2026 06:54
569593c0-df68-4462-9549-eea8b80384ea,swedish.ing,premium,437.5,437.5,high,low,7,name.com,,,11/09/2026 05:29
72e24515-a8db-47b7-8827-f77725f11eee,cadence.parts,available,32.2,32.2,high,medium,7,cloudflare,,,06/10/2026 14:34
978486b7-9ac4-4050-8e9d-6f0d91ba9916,tycoons.theatre,available,509.99,529.99,medium,low,7,namesilo,,,19/09/2026 22:53
f819e423-71c7-4a67-a965-8e40f7080bb0,winterhaven.homes,premium,51.95,51.95,high,low,12,spaceship,,,02/10/2026 19:09
c1e960fa-22c0-4c15-8c33-546805cdfbff,birthdate.university,available,49.88,49.88,medium,low,9,spaceship,,,03/10/2026 06:44
8e49d81c-61bb-4c9d-b4c7-7ec59176ab62,tantrik.xxx,available,69.98,154.98,medium,low,7,namecheap,,,11/09/2026 08:07
e2627ecb-9a5f-4b48-b085-5a9482aca8f2,asleep.hockey,available,59.99,59.99,high,low,6,namesilo,,,22/09/2026 09:45
bacbd8e5-cba5-4cd0-ba87-2e79b875900d,birdhouse.enterprises,available,5.99,50.99,high,low,9,name.com,,,23/09/2026 20:39
d156ea82-e1c3-4c50-ac61-88493782697a,feasting.today,available,5.99,28.49,high,low,8,namesilo,,,22/09/2026 03:07
bff365bd-b604-4de4-990c-913c5e4d0200,transformed.coffee,available,6.41,34.36,high,low,11,spaceship,,,29/09/2026 10:35
895d1608-3026-4d8d-9e99-09917382e81b,adoringly.technology,available,3.98,37.98,medium,low,9,namecheap,,,13/09/2026 17:23
1c1224b6-2ec6-4afc-abf6-9294c9e0816f,outgoing.us,resell,,,high,low,8,Porkbun,30/04/2002 01:23,29/04/2027 23:59,26/09/2026 07:57
d20f6080-ee14-44f3-9cc2-62553fce360c,awaken.bz,available,21.98,26.98,high,low,6,namecheap,,,22/09/2026 14:40
d68719ad-fd71-4ac6-9db2-d95a54e1b9de,fan.photography,premium,23.6,23.6,high,medium,3,namesilo,,,23/09/2026 10:11
bbe20e5e-32e0-4402-ae70-e685e101c7bd,thinkers.info,resell,,,medium,low,8,,,,30/09/2026 16:03
1671a43f-20db-43ff-a567-e0823e51fef4,appreciative.today,available,22.2,22.2,high,low,12,cloudflare,,,01/10/2026 21:37
f736bb51-8f2a-419b-84dd-c66d6e331692,psalms.bar,premium,576,576,high,low,6,namesilo,,,24/09/2026 07:04
a2e7db7a-7cbf-4db0-b70e-9d4c364b226d,redeem.ngo,available,15.2,15.2,high,low,6,cloudflare,,,30/09/2026 02:39
7a335ac6-78aa-4257-bb77-ea120d046e0c,ambition.hamburg,available,69.98,73.98,high,low,8,namecheap,,,18/09/2026 16:53
7353ec7b-11b5-474f-923c-17ae30000bf1,necktie.icu,available,15.2,15.2,high,low,7,cloudflare,,,05/10/2026 12:58
8397721c-9610-4fa2-ae31-6383aab56e22,bicycles.finance,available,20.99,64.99,medium,low,8,namesilo,,,18/09/2026 23:48
a65d1636-e7e8-4555-9745-563a7e9a8621,vase.kaufen,available,23.94,23.94,high,low,4,spaceship,,,28/09/2026 11:03
73c24990-f63e-4088-a6c6-307fa763f612,wandering.moe,available,14.98,17.88,high,low,9,namecheap,,,25/09/2026 21:06
b82e3be0-bae3-4923-abb5-066895f4be83,donatello.audio,available,104.99,114.99,high,low,9,namesilo,,,02/10/2026 14:52
37b4c2ac-84cb-4d86-a0ac-fe803f2da1fc,marine.mobi,resell,,,high,low,6,"Sav.com, LLC - 35",27/08/2025 15:15,27/08/2027 15:15,05/10/2026 18:43
e5038d4d-c6ce-4443-93bc-e49b03296ae7,resume.spot,premium,116,116,high,low,6,namesilo,,,24/09/2026 04:16
6d600b5e-6291-4143-8836-ec164a99c73c,softly.sex,available,69.98,154.98,high,low,6,namecheap,,,27/09/2026 03:45
a983f075-26fc-41ab-bc2a-2c4c229cf21d,ravishing.faith,available,11.99,11.99,high,low,9,namesilo,,,09/09/2026 10:42
4bc8ad3b-d2a9-4599-ad36-8de4cfdbe09c,ballyhoo.fm,available,69.98,118.98,high,low,8,namecheap,,,21/09/2026 23:32
f7b6f36e-40a5-4af7-a11e-a8a9164023b7,casper.reisen,available,17.34,17.34,high,low,6,dynadot,,,29/09/2026 18:15
2f371380-b88b-438d-b57f-40ad5ff1edd8,deal.food,premium,227.5,325,high,low,4,namecheap,,,19/09/2026 16:06
e52ce7a4-7f9c-4372-b3a7-c66603931285,devote.wtf,available,2.57,29.35,high,low,6,porkbun,,,30/09/2026 18:31
c7b5fb58-26aa-46b1-861b-8b74afb70f9f,reputations.gripe,available,6.98,8.98,medium,low,11,namecheap,,,05/10/2026 10:15
7d31c421-0554-4774-bee7-bc218ee761db,stockholm.clothing,available,26.08,26.08,high,low,9,spaceship,,,29/09/2026 07:01
cdde9ed4-ecac-4d49-8ad9-a42e26a14100,exercised.blue,available,19.99,24.99,high,low,9,namesilo,,,30/09/2026 11:52
7577aabd-62a6-4cb6-b492-f1154a4d10c9,comprehension.vodka,available,26.08,26.08,medium,low,13,spaceship,,,29/09/2026 23:00
c5d7a3a6-9025-4f9b-95bf-08ac9f6758aa,stephane.trading,available,16.76,16.76,high,low,8,spaceship,,,05/10/2026 17:38
911e8073-514c-40d9-8dec-cb89f23df6a2,ensure.events,available,15.99,45.99,high,low,6,namesilo,,,30/09/2026 15:26
3c9ae544-684b-47d1-992a-bde481e6e5b3,observable.tax,available,8.98,85.98,high,low,10,namecheap,,,03/09/2026 23:59
0402bac6-403a-4957-a0ea-91cf73d6990c,kingsbury.catering,available,31.41,31.41,high,low,9,porkbun,,,29/09/2026 22:52
5fcab4f1-ca55-479e-b2e6-2626b6defb9f,athletic.tours,available,10.99,61.99,high,low,8,namesilo,,,21/09/2026 16:12
97ebf71e-047b-4ca6-b789-c935a484f05e,priests.cv,available,9.99,9.99,medium,low,7,namesilo,,,18/09/2026 03:38
c992b535-8d23-4736-93b3-2ca63f6d750e,rocked.claims,available,17.99,64.99,medium,low,6,namesilo,,,30/09/2026 23:58
d350e826-dacd-4ed8-8636-c6b33a7170df,tournament.org,resell,,,high,low,10,Dynadot Inc,23/04/1999 04:00,01/12/2027 17:46,27/09/2026 05:49
34e3dec9-0ca5-4af5-ba38-13dfff2b5de1,taj.tools,available,7.45,29.18,high,low,3,spaceship,,,03/10/2026 08:01
7e602d10-7a97-4be8-b8d9-e8caf25aed78,munich.life,premium,78.54,78.54,high,low,6,namesilo,,,30/09/2026 05:22
f048214e-2d6c-453c-9874-bc1aa2b20944,newscast.schule,available,28.99,28.99,high,low,8,namesilo,,,02/10/2026 16:11
734d1286-1644-4935-9c38-4188db57a817,courtly.boats,available,1.8,19.98,high,low,7,namecheap,,,13/08/2026 03:50
d8a34bf4-61ae-4e91-a8aa-3a982f2ed3ff,amazons.tel,premium,10.62,10.62,medium,low,7,namesilo,,,21/09/2026 05:29
d7fbe571-d1ea-4a6e-9671-0aa90f71240d,fan.app,resell,,,high,medium,3,united-domains AG,05/05/2018 16:00,05/05/2027 16:00,26/09/2026 06:00
b5042621-cbb9-4da8-ba02-b4544da52c1e,conclusive.quest,available,1.8,21.98,high,low,10,namecheap,,,23/09/2026 19:11
94b62443-bee4-4a0e-a316-5f16073952b1,customership.tech,available,,,high,low,12,,,,
d61cd9fd-9788-4a1f-ba2d-5469ddbe3689,buses.photos,available,8.98,40.98,medium,low,5,namecheap,,,18/09/2026 13:34
d66769cf-b1d0-4716-b97b-0f8d151e1aaa,heyday.place,available,22.49,22.49,high,low,6,namesilo,,,18/08/2026 09:24
49437c53-bef7-4240-a94f-45a24d87172d,glowingly.bond,available,2,25.98,medium,low,9,namecheap,,,14/09/2026 21:48
41315cfd-562e-49d6-9adf-8dbe98016067,jovial.prof,available,25.98,29.38,high,low,6,namecheap,,,22/08/2026 13:42
de715064-5b8a-4a30-b3c9-30575b74224e,suggest.ing,premium,3000.2,,high,low,7,unstoppable,,,29/09/2026 22:49
8ba65b51-37e7-4757-b6e0-11a2059b6d60,ours.supplies,available,20.08,20.08,high,low,4,porkbun,,,28/09/2026 04:28
b1dc8d19-c835-49c4-87c0-14203980b702,proportion.webcam,available,10.9,10.9,high,low,10,dynadot,,,30/09/2026 07:43
c756ebe1-9e2e-4c61-af4f-3ed35cdc680e,puppy.fishing,available,26.08,26.08,high,low,5,spaceship,,,27/09/2026 15:27
e9cdc519-4aa4-4efb-aed5-11f4fd99f178,clemson.express,available,9.98,49.98,high,low,7,namecheap,,,27/09/2026 07:07
a1bb23a4-beb5-43d1-b08a-2a9bd2087ca7,emperor.hockey,available,47.81,47.81,high,low,7,spaceship,,,28/09/2026 01:49
9e5c0e70-76f4-42b9-a0df-b0985bc5574f,single.productions,available,10.99,40.49,high,low,6,namesilo,,,21/09/2026 10:43
a4312e03-2b9c-412d-88b3-68983907f556,survives.camera,available,45.2,45.2,medium,low,8,cloudflare,,,29/09/2026 17:53
d361a45f-171c-401c-942a-02ee646ca581,woollen.villas,available,59.99,59.99,high,low,7,namesilo,,,13/09/2026 13:15
7215b746-a653-45e2-a8e3-59bbabaac43b,nutritive.country,available,2298,2450,high,low,9,namecheap,,,08/09/2026 09:04
80e334d0-811d-4ecd-a67a-2218882e2463,desk.sex,available,69.98,154.98,high,low,4,namecheap,,,08/09/2026 08:30
a0033014-3fe6-4648-a2c5-850ebdb0a431,relaxation.organic,available,66.2,66.2,high,low,10,cloudflare,,,06/10/2026 12:10
2b40c127-f508-42b7-95a0-fe11bd6eb13c,compelling.services,premium,242,242,high,low,10,namesilo,,,23/09/2026 17:02
4bf46db7-8d0c-429b-9393-613b05c2aa5a,pleased.actor,available,16.99,44.49,high,low,7,namesilo,,,27/09/2026 04:08
abcc5935-ffdd-482a-b2e5-20c6e5abff3f,festivity.haus,available,13.5,27.29,high,low,9,unstoppable,,,06/10/2026 05:28
00f80844-e38a-4f39-8f9d-4cbfa651fb33,buddhists.solutions,available,7.96,25.04,medium,low,9,spaceship,,,04/10/2026 09:01
d423b817-00b2-4280-b61c-d80a6ea9ed0c,penguins.london,available,14.24,27.98,high,low,8,porkbun,,,01/10/2026 00:56
5683cf57-4158-4463-aaf3-9a485927a536,retiring.equipment,available,22.97,22.97,high,low,8,spaceship,,,27/09/2026 13:20
8621dbe4-e667-4003-a16c-712c8d089b30,polished.archi,available,19.99,103.99,high,low,8,namesilo,,,27/09/2026 06:59
37af8674-f3ba-4d5e-98f8-0dd894fe051c,skateboarding.cruises,available,43.2,43.2,high,low,13,cloudflare,,,03/10/2026 15:12
a47dfa65-679f-43fe-9f2a-474a90eda7cc,buttercup.express,available,12.49,39.99,high,low,9,namesilo,,,24/09/2026 11:18
3197e64a-39db-47d9-922a-99aaff73a246,alumnus.courses,available,2.19,38.99,high,low,7,namesilo,,,27/09/2026 06:58
dd7b1364-d840-407c-a6d5-3f2c987ebfdd,stockholm.broker,available,10.55,29.18,high,low,9,spaceship,,,29/09/2026 07:01
b2b0d4e8-a04e-4614-a2e4-447992697ec3,liberate.luxe,available,19.49,19.49,high,low,8,namesilo,,,18/08/2026 14:32
0601fc1c-9638-454d-b42f-04e8c0a29fce,settlements.hiv,available,184.9,184.9,high,low,11,spaceship,,,02/10/2026 12:53
8da72328-53e4-45c6-b740-1961ddc88e22,composite.biz,premium,29.5,21.24,high,low,9,namesilo,,,23/09/2026 17:39
a2851ab1-eeed-4212-a9ed-b4f08167b659,completely.lgbt,available,11.98,93.98,high,low,10,namecheap,,,22/09/2026 00:16
ba771780-8480-4eb4-83bb-f475cfddee0d,albany.faith,premium,116,29.5,high,low,6,namesilo,,,18/09/2026 02:27
5bf714ca-7725-4964-8961-42cb2bb0cada,bible.markets,premium,109.53,218.86,high,medium,5,porkbun,,,29/09/2026 02:20
5772c35a-a638-4137-b7f6-3cbad54dc675,manchester.garden,available,25.2,25.2,high,low,10,cloudflare,,,28/09/2026 19:49
16e26377-f350-4556-b708-e7e64543be45,intentions.memorial,available,52.99,52.99,medium,low,10,namesilo,,,27/09/2026 22:32
ae8a271f-e1f2-435b-8f5b-4b36e2841767,epiphany.mba,available,17,,high,low,8,unstoppable,,,02/10/2026 04:43
1b32018b-8a78-4f81-9ee5-59dc08843c80,boldness.la,available,27.99,27.99,high,low,8,namesilo,,,04/10/2026 10:33
c651e615-a3d2-4536-82ad-b183a226cd76,strengthen.courses,available,1.5,32.32,high,low,10,dynadot,,,30/09/2026 15:38
4ae8a8d8-c0fb-4fe5-a38d-449605a3e2b0,francisca.photography,available,28.2,28.2,high,low,9,cloudflare,,,02/10/2026 06:32
3150aac9-2484-4e23-b305-57e0b784d35f,translates.faith,available,11.99,11.99,medium,low,10,namesilo,,,30/09/2026 00:23
1392ed50-f6ed-4de4-be55-1e988cc2c2bb,simpler.shiksha,available,11.98,69.98,high,low,7,namecheap,,,01/10/2026 21:22
38cc5930-f151-413a-b92d-5ee251954d17,showroom.review,premium,1300,130,high,low,8,namecheap,,,04/10/2026 06:11
99e84f1b-365c-440b-8a39-7e4adc95b036,sovereignty.democrat,available,25.2,25.2,high,low,11,cloudflare,,,02/10/2026 11:07
f769fd91-3950-422b-9723-55d95c34d766,mindfully.dealer,available,498,2348,high,low,9,namecheap,,,13/09/2026 17:29
c6ca89d0-f997-48b3-a8d9-14f3a809ef79,slices.schule,available,28.99,28.99,medium,low,6,namesilo,,,30/09/2026 15:42
3c26df8c-d7e4-4ff6-865c-1554d4ab1ee1,titanic.gifts,available,14.99,46.99,high,low,7,name.com,,,11/09/2026 16:30
a04c4fd7-7da0-4ac2-a12c-fa6e0b915b9e,bookstore.gifts,available,28.2,28.2,high,low,9,cloudflare,,,06/10/2026 09:32
e7b5a05b-3283-4ab9-975b-ecdd753f0dce,impressions.plus,resell,,,medium,low,11,,,,28/09/2026 23:21
25c34f69-6d5a-4cf7-89ea-598993f0b11a,intimate.audio,available,104.99,114.99,high,low,8,namesilo,,,25/09/2026 10:27
70f67bf9-e0a2-4c26-a61c-dd23927841b0,popcorn.mba,available,30.2,30.2,high,medium,7,cloudflare,,,28/09/2026 20:12
c89f2976-4716-4401-946a-9ce522e4c885,casually.ninja,available,11.98,42.98,high,low,8,namecheap,,,14/09/2026 05:25
57066d3a-58c0-49ad-8cd4-e9cdc986d845,varsity.mobile,premium,621.2,621.2,high,medium,7,spaceship,,,30/09/2026 01:38
0d05327e-2347-417a-8896-5abdb2f90660,queens.biz,resell,,,high,low,6,Dynadot Inc,24/05/2018 00:11,24/05/2027 00:11,30/09/2026 09:00
81e856cc-8f89-4d83-8fee-dd050ee820ac,bookshelf.toys,available,17.99,64.99,high,low,9,namesilo,,,24/09/2026 07:17
752774c4-53a3-4bf2-8027-4f39be7367d8,bigwig.fan,available,57.98,68.98,high,low,6,namecheap,,,23/09/2026 15:30
59c739f0-c501-4f2b-bccb-f182e21384a8,barterer.kids,available,9.99,33.99,medium,low,8,name.com,,,22/09/2026 08:58
66f4e43c-a26f-4561-9ce9-18a3df8bd9fd,realised.estate,available,15.99,38.99,high,low,8,namesilo,,,23/09/2026 17:33
f7da96e6-9a90-43fe-96a0-5a9b282613bd,informational.download,available,5.25,6.25,high,low,13,namesilo,,,05/10/2026 16:42
77b7389b-7b4c-45e3-9e44-268b0d4a4aba,grilled.engineering,available,16,85.98,high,low,7,unstoppable,,,07/10/2026 00:26
594b4378-0751-4c08-8c77-a3c16b292d3b,rand.insure,available,72.99,72.99,high,low,4,namesilo,,,21/09/2026 10:39
39670153-4be4-45d3-97d4-842e4e43d211,bikini.ryukyu,available,17.98,22.98,high,low,6,namecheap,,,23/09/2026 15:38
671a4f71-7e65-4ce2-a642-0bb1d3c78973,gamekeeping.so,available,,,high,low,11,,,,
636f918a-850e-448c-81c4-c7b6d1d389ad,dreaming.porn,available,69.98,154.98,high,low,8,namecheap,,,24/09/2026 23:58
60a20e32-eece-43c8-b866-aff0eb3c5f72,qualified.investments,available,6.98,166.98,high,low,9,namecheap,,,14/08/2026 02:10
9dbb1e1d-a15c-4c02-a9ea-5f14a1c32d08,emphasise.site,available,2.99,38.5,high,low,9,namesilo,,,16/09/2026 21:53
173ccade-cbf3-4880-bad9-777731ae1520,proactively.kim,available,12,,medium,low,11,unstoppable,,,05/10/2026 03:37
477fa7a4-be0b-43fe-b4c9-f308197e0013,forested.cab,available,23.99,43.99,high,low,8,name.com,,,18/08/2026 11:43
33f2a32e-51cc-4818-b7ca-4229000cfad1,asset.cars,available,1999.99,2199,high,low,5,namesilo,,,06/10/2026 00:32
c3d59780-2ef5-425c-9517-9ffad1b57e3a,wonderfully.shoes,available,50.2,50.2,high,low,11,cloudflare,,,01/10/2026 18:15
a133d491-5a1e-4d68-8325-fbb944572777,buyer.moi,available,25.99,25.99,high,low,5,namesilo,,,29/09/2026 05:39
a844adf1-437d-42a5-aa03-fff1efea9e67,salubrious.fund,available,11.98,92.98,high,low,10,namecheap,,,20/08/2026 16:33
a681feb8-8831-48c2-87cb-0ce711b41503,shalom.maison,available,57.99,57.99,high,low,6,namesilo,,,05/10/2026 02:16
11c090db-243f-4382-b06c-009db2c9b693,practitioner.plus,available,15,,high,low,12,unstoppable,,,29/09/2026 14:23
36a147d6-c45e-4e38-9f3e-bb7e7eca34ff,succeeding.theatre,available,500.2,500.2,high,low,10,cloudflare,,,29/09/2026 21:16
f14dc4d1-2673-4652-8f2b-2285091b4a77,trails.monster,available,1.99,17.29,medium,low,6,namesilo,,,29/09/2026 11:32
2acd5b76-a986-4474-9585-cf9230f5c0ff,murrow.gift,available,16.91,16.91,medium,low,6,dynadot,,,03/10/2026 00:35
bb391262-f68a-44e8-abf4-39d3027bd433,philosopher.rodeo,available,12.99,12.99,high,low,11,namesilo,,,28/09/2026 11:16
3a1373ca-1045-42e6-b232-58cc96093c7a,elects.army,available,18.99,39.99,medium,low,6,namesilo,,,21/09/2026 04:31
c33aff6e-1f53-41a6-ab67-14217586dd00,role.hamburg,available,69.98,73.98,high,low,4,namecheap,,,25/09/2026 09:54
93c4c5b0-5f23-44c1-932f-cf3c8f153d6f,jonathon.hamburg,available,69.98,73.98,medium,low,8,namecheap,,,03/10/2026 14:34
8a7f25c7-34a6-4f56-b9b0-f32005738d20,poignant.viajes,available,37.99,37.99,high,low,8,namesilo,,,05/10/2026 08:19
5d5f14b6-3665-4c8c-a48f-eaae4790f231,tandem.training,available,8.98,53.98,high,low,6,namecheap,,,15/09/2026 06:56
7d414947-90ce-4c35-83b3-849cbb88fce7,alexandre.cfd,premium,41.08,81.97,high,low,9,spaceship,,,27/09/2026 20:05
41a7c571-5af1-45ed-a7a3-dc54056784f9,buddy.wedding,available,32.49,32.49,high,medium,5,namesilo,,,29/09/2026 05:01
f47b71b4-14f1-49f7-b06e-389b06977a06,renowned.organic,available,19.99,73.99,high,low,8,name.com,,,11/08/2026 23:18
b5dbec51-0aa5-4925-b8b9-d0bc5ed460d3,resolvable.college,available,17.99,59.99,high,low,10,namesilo,,,27/09/2026 12:20
605f4dd3-6df7-41ee-b213-381fc5712d16,dancing.work,premium,1107,11.8,high,low,7,namesilo,,,25/09/2026 04:44
be23d102-8173-421d-aafe-46d27063c2d0,cats.download,premium,640,77.35,high,low,4,namesilo,,,17/09/2026 10:29
54b4baad-eb9a-412b-b97d-a0e0dfade947,dubstep.institute,available,9.99,27.49,high,low,7,namesilo,,,03/10/2026 12:16
f9d54889-e1c0-4d66-85fa-b29a44e32c22,intrinsic.yoga,resell,,,high,low,9,"GoDaddy.com, LLC",13/02/2017 02:47,13/02/2027 02:47,26/09/2026 06:56
5fd6695d-1686-47b5-88e4-64e51ee5b5f8,rebuild.hiv,available,184.9,184.9,high,low,7,spaceship,,,28/09/2026 06:58
b503c5c6-720e-4aa7-b066-37583652e58d,forestry.baby,available,1.18,51.8,high,low,8,spaceship,,,03/10/2026 00:51
7106b3f2-5839-4db6-b631-93da2220491f,clarifying.holdings,available,64.99,64.99,high,low,10,namesilo,,,12/08/2026 09:37
b71b7f70-ad53-4e87-87b7-04d4e6c99db8,gratified.mba,available,11.98,49.98,high,low,9,namecheap,,,20/08/2026 18:24
7bd23f46-45fa-4998-bd14-e66ef272f739,enlist.rentals,available,10.99,44.49,high,low,6,namesilo,,,29/09/2026 20:42
eb4dc62a-5502-4c63-bc98-505746f69227,instagrammable.credit,available,11.99,,medium,low,14,name.com,,,
163a0658-240f-43f3-abcb-0530c71bedb9,bangle.show,available,18.99,44.49,high,low,6,namesilo,,,22/09/2026 01:57
ac4f2999-0267-4922-9bd5-0f8c4fdcbdf5,forthright.auto,available,1999.99,2199,high,low,10,namesilo,,,11/08/2026 16:42
de63f5e1-9e9d-41a0-96ee-7acdd31d2ea6,harvested.community,available,35.2,35.2,medium,low,9,cloudflare,,,01/10/2026 14:36
c2a3ca24-8c07-4535-97ef-6d46da7b274d,straighten.solar,available,64.99,64.99,high,low,10,namesilo,,,11/09/2026 15:43
19d88457-3810-435f-bdc3-e8ba12b40986,hostesses.hiv,available,195.99,195.99,medium,low,9,namesilo,,,20/09/2026 07:50
cd35b272-ae3c-40cf-b3fa-4ae53107f278,absorbing.moda,available,43.98,45.98,high,low,9,namecheap,,,21/09/2026 15:02
4c7bad84-55a0-4f63-8f42-02980fe865e8,bountiful.insure,available,9.99,94.99,high,low,9,name.com,,,09/08/2026 20:52
bde24538-b509-4650-aec7-230cce0a800c,frequency.dad,premium,76.7,76.7,high,low,9,namecheap,,,16/09/2026 17:49
cd43c203-e3cc-4f2f-982f-260ccc1c8cbf,awakened.school,available,36.49,36.49,high,low,8,namesilo,,,22/09/2026 14:47
b08a59b5-9c47-433c-9c96-096c5845f84d,tradition.healthcare,available,70.58,70.58,high,low,9,spaceship,,,30/09/2026 13:45
06d7b5bd-2a43-4fc2-b874-6da2d6049496,academies.diy,available,30.2,30.2,medium,low,9,cloudflare,,,04/10/2026 19:12
f914db11-a2bd-47d5-972b-5f9e05300d89,charm.cfd,premium,390,780,high,low,5,namecheap,,,19/09/2026 20:23
95851d97-7992-4513-ae46-13ede6b7ce82,deity.cheap,available,5.98,49.98,high,low,5,namecheap,,,24/09/2026 21:23
47401d43-1ee8-4dde-85e3-93c56014b013,bargain.show,available,14.17,35.39,high,low,7,spaceship,,,29/09/2026 01:09
10805cb0-34a2-4a4f-b8bf-9cd15e6c0227,profitably.cv,available,14.98,14.98,high,low,10,namecheap,,,14/09/2026 20:29
56f48f9d-6046-4639-aa4d-6b87a07177e0,wild.accountant,premium,640,77.35,high,medium,4,namesilo,,,22/09/2026 17:18
1e375a15-8d17-4dbc-bae3-7c2f3227b984,adornment.vet,available,41.99,41.99,high,low,9,namesilo,,,17/09/2026 09:46
f96b4361-0d05-4eca-aa36-cb260b6817d3,climbs.ing,available,10.2,10.2,medium,low,6,cloudflare,,,30/09/2026 15:59
65ae0950-f612-4f8d-bbf9-b2bae96efca6,markus.supplies,available,19.2,19.2,high,low,6,cloudflare,,,28/09/2026 21:58
1717b233-9e5b-4b25-884f-76ac7fd3b925,dear.page,premium,311.25,311.25,high,low,4,name.com,,,22/09/2026 19:24
4c1a6a21-f18b-4451-bdfb-7f41e2fa8da4,guffaw.republican,available,5.98,43.98,high,low,6,namecheap,,,23/09/2026 06:41
12df59c3-52a7-4a0c-b2cd-f10b56a5aa48,promotional.rest,available,2.19,28.99,high,low,11,namesilo,,,29/09/2026 14:37
8ea74765-2640-4328-9bd5-ebd5d966365e,nlp.apartments,available,45.74,45.74,high,low,3,spaceship,,,06/10/2026 01:34
d10ef84b-956a-44d0-ae0d-f6c7247f8fd3,singaporean.paris,available,66.98,66.98,high,low,11,namecheap,,,30/09/2026 11:33
20124f60-959d-466e-964d-43bbff51996b,duke.protection,available,1999.99,2049.99,high,medium,4,namesilo,,,29/09/2026 17:06
3594ab59-99e0-4546-8a40-bf1ffdb4cf18,playhouse.onl,available,2.99,19.48,high,low,9,dynadot,,,03/10/2026 05:32
07b416e1-d357-44ef-891b-f86a950221ea,reminds.press,available,4.99,86.99,medium,low,7,namesilo,,,27/09/2026 03:09
3aa63b1c-dd90-41c8-bd20-697583c10a41,buttermilk.law,available,95.99,95.99,high,low,10,namesilo,,,24/09/2026 11:20
63b4f030-4d72-41d4-9797-1a8cafa75008,nascar.gold,available,80.2,80.2,high,low,6,cloudflare,,,29/09/2026 03:51
d1eed62f-c1ff-416b-a886-25afb0de9b76,carly.travel,available,115.2,115.2,high,low,5,cloudflare,,,29/09/2026 15:23
3dedcbb4-49ce-42f0-91a0-68a63eb0df1c,florist.rent,available,1.18,51.95,high,low,7,spaceship,,,01/10/2026 02:11
0b612443-0489-4af5-badf-f3a0eb3bf105,gainfully.dev,available,10.98,20.98,high,low,9,namecheap,,,14/09/2026 20:59
a9bf95ce-dd13-4ef5-83f8-30d40d34122c,locally.black,available,15.73,51.95,medium,low,7,spaceship,,,28/09/2026 16:11
ceda5b92-8fec-4f66-95e3-8dd1a8250276,sellable.dog,available,5.98,86.98,medium,low,8,namecheap,,,24/08/2026 20:28
4a32ff6e-5d1f-4b6c-b338-a1a28db9989d,dish.forex,available,11.98,133.98,high,low,4,namecheap,,,19/09/2026 08:19
bc13fc94-3aec-4690-b5aa-fd7ee9925570,helpfully.realty,available,99.8,456.98,medium,low,9,namecheap,,,15/09/2026 00:07
137d46b1-38b1-4094-b0bd-8b16fc8005b6,seasoning.cab,available,32.99,32.99,high,low,9,namesilo,,,02/10/2026 15:11
cc7c02cf-f3d3-4071-91df-74a37cd00f4a,showed.vana,available,2060.25,2060.25,medium,low,6,porkbun,,,03/10/2026 10:34
7577cda5-3809-4e06-81b4-aed7381a4bfc,juices.vodka,available,33.98,43.98,medium,low,6,namecheap,,,02/10/2026 22:51
65e46f2e-c33d-4ff4-b387-5e005a27e698,riyadh.auction,premium,118.8,118.8,high,low,6,namesilo,,,29/09/2026 06:50
29ced743-4548-4b06-b638-eb4501c9a92a,nelly.living,premium,640,640,high,low,5,namesilo,,,02/10/2026 17:33
5f55a6cb-602c-4b48-8d3b-be733d313d0f,runway.support,resell,,,high,low,6,,,,28/09/2026 06:39
e941ed63-94fe-443e-87b3-4019536028dd,gilding.limited,available,14.99,52.99,high,low,7,name.com,,,18/08/2026 23:37
1c2372c4-a9ac-4b07-b786-a5265a804ad1,protectiveness.site,available,,,high,low,14,,,,
cbe689af-195d-4851-8f7d-4785abf2ff38,fortunes.webcam,premium,517.7,67.48,medium,low,8,spaceship,,,29/09/2026 05:22
7677bea3-8d6b-42cb-ac5f-4f4692755045,lavish.reviews,available,7.99,81.99,high,low,6,name.com,,,22/08/2026 21:07
9f01c468-0453-433d-aa55-1d935207c434,serve.schule,available,22.97,22.97,high,low,5,spaceship,,,29/09/2026 15:49
ad5b3012-7cf6-4ac3-914a-8163ab49f8bd,stockholder.tattoo,available,1.75,31.25,high,low,11,spaceship,,,02/10/2026 07:17
5ac88b39-c9fb-48ce-b112-f57a7eb1d810,catherine.sucks,available,218.99,218.99,high,low,9,namesilo,,,25/09/2026 04:07
e898c7cd-ab84-4035-9e16-d6f7f04b47bb,kempt.show,available,14.99,56.99,medium,low,5,name.com,,,22/08/2026 15:32
18b504b9-af7f-44a9-8421-b4545802fdfc,boots.mba,available,17.99,39.99,high,low,5,namesilo,,,01/10/2026 02:10
f6b8d508-73bc-4452-91bd-d0e4c87a36d4,impressions.forsale,available,16.99,36.99,medium,low,11,namesilo,,,28/09/2026 23:21
e157c939-98ee-46c7-a68b-f5928ecdff68,bellini.to,available,64.99,64.99,high,low,7,namesilo,,,23/09/2026 06:15
d1ba82b0-112a-4414-9e8f-8d11bee91706,stewards.limited,available,28.2,28.2,medium,low,8,cloudflare,,,05/10/2026 10:00
3305884b-6081-495c-b30c-0b756ad98633,authorised.fm,available,88.99,88.99,high,low,10,namesilo,,,22/09/2026 13:51
45b9cab4-1b70-4743-80c5-ec6a91735073,molasses.cc,resell,,,high,low,8,,,,02/10/2026 16:08
5ecb0c24-f9a7-47f6-be4b-a095f87c99e0,intuitively.gg,available,53.5,53.5,high,low,11,dynadot,,,06/10/2026 04:15
4dc037dc-ff3c-4a13-8ca3-86b468086744,obtain.hospital,available,55.98,71.98,high,low,6,namecheap,,,30/09/2026 21:13
6b3eac0f-2645-4541-8d3e-de18f296088f,september.coupons,available,5.99,54.99,high,low,9,namesilo,,,30/09/2026 10:55
0ba00a67-2f3f-4c9e-8b29-9668eee10bf6,introspection.love,available,9.99,28.99,medium,low,13,namesilo,,,17/09/2026 06:54
d2df6cb7-601e-40f8-9264-b3e55136f590,filipina.construction,available,31.25,31.25,high,low,8,spaceship,,,05/10/2026 03:30
b061cc9d-3631-4cdd-a15d-5d0c29a117af,rematch.nexus,available,12.98,15.98,high,medium,7,namecheap,,,01/10/2026 21:30
4f0f0be9-7154-4b34-8525-36a10df2295d,recommend.pictures,available,12.2,12.2,high,low,9,cloudflare,,,28/09/2026 19:07
bf9e2231-5570-451d-a0e7-efc616d94793,aright.tech,premium,81.25,325,high,low,6,namecheap,,,13/09/2026 20:49
121f6e1a-369f-434f-a2f2-95684d07d52e,peace.free,premium,550,550,high,medium,5,dynadot,,,28/09/2026 22:50
51c49c99-7b19-49fc-9c3e-f36cd1c020bf,richest.codes,available,3.31,57.13,medium,low,7,spaceship,,,28/09/2026 12:54